TAZ Number,Area_Name,EmployedIF2,Other1,Other2,Other3,Other4,Other5,Retired1,Retired2,Retired3,Retired4,Retired5,School1,School2,School3,School4,School5,Student1,Student2,Student3,Student4,Student5,Unemployed2,EmployedF1,EmployedF2,EmployedF3,EmployedF4,EmployedF5,EmployedIF1,EmployedIF2,EmployedIF3,EmployedIF4,EmployedIF5
6,Thembalethu SP,4.857277615,0,0,0,0,0,0,0,0,0,0,0.969863309,0,0.975675981,0.977652648,0,0,0,0,0,0,2.471656271,0,0,0,0,0,0.617996604,0,0.828428303,0.850992138,0
6,George Industria,0,1.924342105,1.77211472,1.9375,0,12.49388966,0.175743374,0.103589581,0.122540633,0,0.747734139,0.727397481,0.732756149,0.731756986,0,3.662475938,0,0,0,0,0,0,3.326144366,3.685732113,3.867316686,0,19.80999146,0.231748727,0.289959378,0.310660614,0,1.58149696
6,George SP2,0,1.275303644,0,1.284023669,5.066690602,11.5919639,0,0,0,0,0,2.461960706,0,2.476715953,9.926934582,17.35450137,0,0,0,0,0,2.572393529,2.605092091,0,3.028947335,12.23740362,21.7217249,0.570458404,0,0.764703049,3.142124816,5.450081833
6,Thembalethu SP,21.85774927,8.052631579,8.157180373,3.243076923,0,0,0,0,0,0,0,17.45753955,19.34476234,7.024867066,0,0,0,0,0,0,0,4.855327296,13.54647887,16.51207987,6.300210456,0,0,0.741595925,1.020657012,0.397645585,0,0
6,George Central,2.428638808,0.179425837,0.330464283,0.541958042,1.247480641,4.659725749,0.255626726,0.301351507,0.534722762,1.173329217,4.350453172,0.881693917,1.776378544,2.660934495,6.221425943,17.7574591,0.501757911,0.988044214,1.519955654,3.531531532,10.4568595,7.724777838,2.492317542,5.523521404,8.69347222,20.48838031,59.3754014,0.168544528,0.421759096,0.677804975,1.624621354,4.600718431
6,Fancourt Golf Estate,2.428638808,3.482972136,0,0,3.459400096,67.84012488,0.330811057,0,0,0.216918007,4.222498667,1.882675834,0,0,1.897796317,28.43804846,0.162333442,0,0,0.163222046,2.537326203,1.325408275,2.276719138,0,0,2.673718438,40.67934075,0.327174673,0,0,0.450525249,6.698104774
6,George Central,2.428638808,1.759398496,0.810109586,0.885714286,3.058109685,11.42298484,0.964077939,0.284131421,0.336111451,1.106281834,4.101855848,5.320393007,2.679793917,2.676139835,9.385465423,26.78839544,1.261562747,0.621056363,0.636933798,2.21981982,6.572883117,9.020589643,11.61126761,6.43327787,6.750225489,23.86293706,69.15487928,0.4237691,0.265105717,0.284032561,1.021190565,2.891880156
6,Thembalethu SP,2.428638808,6.334149327,2.282509121,2.218246869,0.547067922,0.35760686,0,0,0,0,0,26.45696886,10.4289945,9.257576754,2.319083026,1.158364483,0,0,0,0,0,42.09163642,27.17171634,11.78187517,10.98873917,2.774760124,1.407221381,4.958344849,2.427566888,2.311892939,0.593715445,0.294231993
6,Thembalethu SP,0,23.68421053,0,0,0,0,2.811893988,0,0,0,0,34.91507911,0,0,0,0,5.519337017,0,0,0,0,31.89392347,55.63732394,0,0,0,0,11.12393888,0,0,0,0
6,Thembalethu SP,7.285916423,15.31306715,3.760455639,4.111405836,4.055848389,2.651223271,0,0,0,0,0,30.09920613,8.085585096,8.074559846,8.090918468,4.04135276,2.854829491,0.749550783,0.768713204,0.76545511,0.396639498,21.20278089,17.51699854,5.176200585,5.43121591,5.485732658,2.782092845,10.54856273,3.519506937,3.770777104,3.873481455,1.919610104
6,Thembalethu SP,4.857277615,10.35338346,3.707809261,2.895604396,1.713885648,1.49377494,0.723058454,0.165743329,0.140046438,0.079020131,0.068364264,34.41629226,13.48271315,9.617377531,5.782117091,3.850831844,0,0,0,0,0,52.15479379,9.952515091,4.288851913,3.21439309,1.947994862,1.317235796,0.953480475,0.463935005,0.355040701,0.21882655,0.144594008
6,Thembalethu SP,4.857277615,6.090225564,5.608450982,13.28571429,6.049008168,5.272146848,0.241019485,0.142065711,0.364120738,0.158040262,0.136728528,12.96845795,13.06399535,28.26672701,13.07261255,8.706228516,0,0,0,0,0,7.37383895,8.708450704,9.649916805,21.93823284,10.22697303,6.915487928,2.224787776,2.783610032,6.461740764,3.063571696,2.024316109
3,Pacaltsdorp,2.428638808,7.287449393,5.033225241,7.337278107,1.809532358,2.365706919,0.86519815,0.382484606,0.603276963,0.141831004,0.184057634,23.27671941,17.58614758,23.41622355,5.865915889,5.859961501,0,0,0,0,0,25.81119928,7.44312026,6.185844106,8.654135242,2.185250647,2.216502541,8.556876061,8.029644322,11.47054573,2.945742015,2.919686696
4,Heather Park,26.71502688,2.486842105,0.572529371,1.877884615,2.470011669,22.60432961,3.093083387,0.455794155,1.617536356,2.028183362,18.42416918,4.655343881,1.172409839,3.512433533,4.692732712,32.81578441,0.275966851,0.06792804,0.208993902,0.277477477,2.012945455,3.913261586,5.563732394,1.541306156,4.85172457,6.533899434,46.39139818,1.112393888,0.347951254,1.118378209,1.531785848,10.62765957
6,Oubaai Golf Estate,2.428638808,7.253289474,0,0,2.401400233,62.78980447,0.351486749,0,0,0.076825127,1.993957704,5.455481111,0,0,1.833098715,36.62475938,1.034875691,0,0,0.346846847,7.189090909,2.646817239,9.071302817,0,0,3.551032301,72.03633258,0.463497453,0,0,0.212748034,4.217325228
4,Blanco,9.714555231,7.771381579,8.178991016,6.706730769,6.616102684,7.208013268,0.922652715,0.621537484,0.551432849,0.51856961,0.560800604,17.8212383,20.51717218,15.36689671,15.39802921,12.81866578,0.603677486,0.679280397,0.522484756,0.52027027,0.449318182,6.166985224,17.99141725,22.78452579,17.93028645,18.11026474,15.30772067,0.405560272,0.579918757,0.46599092,0.478683077,0.39537424
6,Thembalethu SP,14.57183285,15.04643963,6.928086508,2.524886878,1.660512046,2.170883996,0,0,0,0,0,44.67076298,22.49992411,7.489747975,5.0032812,4.998202457,1.461000975,0.719238067,0.245875179,0.163222046,0.16915508,30.98339884,11.52589064,6.385974356,2.233530493,1.503966622,1.525475278,1.963048038,1.228063249,0.43857969,0.300350166,0.297693546
6,Thembalethu SP,19.42911046,9.71659919,2.236988996,6.725838264,2.412709811,3.154275892,0,0,0,0,0,27.45459212,6.91421187,18.98815564,6.918772588,6.911749463,1.132171696,0.278679137,0.785959975,0.284592285,0.294937063,32.39383504,19.84832069,5.498528094,15.86591461,5.827335058,5.910673443,3.042444822,0.951661549,2.80391118,1.047374939,1.038110825
1,Loerie Park,0,0,1.040962493,0,2.806831442,27.1545518,0,0.640371953,0,1.780946134,17.10271903,0,2.664567816,0,6.665813511,49.27694899,0,0.247011053,0,0.630630631,4.836297521,1.314610532,0,5.848434427,0,15.49541368,116.3059333,0,0.421759096,0,1.160443824,8.511329096
4,Heather Park,2.428638808,1.776315789,0.327159641,0.357692308,2.117152859,21.68170391,4.335003232,0.511041931,0.60453379,3.411035654,34.67492447,2.182192444,0.43965369,0.439054192,2.63966215,20.65636429,0.919889503,0.181141439,0.185772358,1.10990991,9.010327273,1.314189484,9.071302817,2.010399334,2.109445465,12.78371628,101.5712289,0,0,0,0,0
1,Denneoord,4.857277615,2.599486521,0.265983448,0.581613508,0.860631243,9.751328519,4.937960175,0.323401618,0.765131757,1.07929935,12.13882544,12.77380943,1.429768096,2.855637019,4.292133578,37.16073147,1.817342676,0.198813775,0.40779298,0.609096902,5.470722838,9.126042977,26.01915149,3.203563167,6.722785548,10.18539997,89.53589045,1.627893495,0.226309759,0.484933641,0.747212609,6.418563274
6,Thembalethu SP,63.144609,3.377192982,2.261844429,2.009259259,0.457409568,0,0,0,0,0,0,20.1516043,14.76367945,11.97913288,2.770015837,0,2.248618785,1.610146126,1.34168925,0.308308308,0,42.78245844,8.86971831,7.148086522,6.093953566,1.42041292,0,5.287304282,4.811177833,4.18816531,0.992824161,0
6,Thembalethu SP,19.42911046,2.87593985,3.972652779,5.791208791,3.570595099,4.668046688,0.401699141,0.355164277,0.560185751,0.329250546,0.427276651,13.71663822,20.72653108,27.59769205,17.28350217,17.265958,0.788476717,1.164480681,1.592334495,0.990990991,1.027012987,19.72804962,7.602615694,12.63679582,17.67916199,11.16038723,11.31999512,1.589134126,2.98243932,4.260488416,2.735331871,2.711137647
1,Denneoord,9.714555231,2.431578947,0.799723566,1.049230769,2.242613769,8.344636872,16.79638009,3.535857687,5.019264328,10.22696095,37.77353474,2.715617264,0.977008199,1.170811178,2.541896885,7.227285852,0.515138122,0.181141439,0.222926829,0.480960961,1.418647273,1.282829501,11.28873239,4.467554077,5.625187907,12.31024531,35.53792407,1.038234295,0.463935005,0.596468378,1.327547735,3.744984802
6,George NU,7.285916423,11.84210526,2.181064271,0,4.704784131,67.65921788,3.046218487,0.359110546,0,0.798981324,11.40543807,3.879453234,0.781606559,0,1.564244237,17.1892204,0.459944751,0.09057072,0,0.184984985,2.1088,5.248599953,9.676056338,2.144425957,0,4.545321345,50.71357814,0.617996604,0.154645002,0,0.340396855,3.711246201
1,Denneoord,14.57183285,4.865560641,0,1.399665552,5.523007458,26.17448992,3.42317529,0,0.681965262,2.565291208,12.0677788,7.969746318,0,2.290717522,9.181433566,33.248912,0.419949556,0,0.121155885,0.482569526,1.812901186,2.602389458,15.0925444,0,5.013754439,20.25632339,74.47930386,1.410644423,0,0.540279328,2.21997949,7.97624554
6,Thembalethu SP,58.28733138,2.842105263,0.654319281,1.907692308,0.235239207,0.307541899,0,0,0,0,0,33.51847594,8.44135084,22.47957461,2.815639627,2.812781521,1.324640884,0.326054591,0.891707317,0.110990991,0.115025455,42.19647492,13.93352113,3.859966722,10.80036078,1.363596404,1.383097586,0.88991511,0.278361003,0.795291171,0.102119057,0.101215805
1,Bodorp,4.857277615,0.968899522,0,0.975524476,4.811711043,18.87188928,0.511253452,0,0.356481842,1.676184596,6.525679758,2.248319488,0,2.261794321,11.33188297,33.96114052,0.627197388,0,0.633314856,3.153153153,9.803305785,3.90368842,6.267445583,0,7.287175243,36.80160748,111.9837534,0.337089057,0,0.451869983,2.320887648,6.901077646
6,Thembalethu SP,4.857277615,7.134146341,3.032211303,5.52532833,3.815465179,3.56298542,1.337364214,0.36382682,0.717311023,0.472193466,0.437698033,27.6765871,12.86791287,21.41727764,15.02246752,10.71944177,0.875016844,0.397627549,0.679654967,0.473742035,0.350687361,26.05503509,6.136035727,3.138184327,5.487988202,3.880152368,2.811173954,12.344859,7.128757398,12.72950807,9.153354458,6.480280228
6,Rosemoor,2.428638808,7.320574163,0,7.370629371,10.90654503,19.01168106,11.24757595,0,7.842600513,11.06281834,19.14199396,8.464261602,0,8.514990384,12.79836194,17.04716073,0,0,0,0,0,6.353989741,6.59731114,0,7.670710782,11.62156026,15.71701802,1.685445285,0,2.259349917,3.481331473,4.600718431
1,Bodorp,0,1.495844875,0.344378569,0.376518219,1.485721304,13.59658924,2.811893988,0.414358323,0.490162532,1.843803056,16.74924471,5.819179851,1.465512299,1.463513972,5.865915889,41.01973051,2.033439953,0.500522398,0.513318357,2.044570887,14.83222967,9.165508897,13.2409192,3.668097031,3.848812779,15.54978355,110.4051581,0.390313645,0.122088159,0.130804469,0.537468719,3.729003359
6,Thembalethu SP,4.857277615,25.11627907,9.738705582,13.30948122,5.251852053,3.433025854,0.621232393,0.154179841,0.227982573,0.085758282,0.055645331,32.14081895,13.63267255,17.01760433,6.82083243,3.406954361,3.658165232,1.516532979,1.944129325,0.774355751,0.401251586,24.73066354,14.96413364,6.981851952,9.15728264,3.699680165,1.876295174,0.819204801,0.431567447,0.577973235,0.237486178,0.117692797
6,Glenwood AH,12.14319404,3.24099723,1.492307133,3.263157895,4.828594239,23.14657454,2.071921886,0.610633318,1.444689568,2.037887588,9.69693115,7.963088218,4.010875765,8.010813321,12.04056419,44.10392077,0.871474266,0.429019198,0.879974326,1.314366999,4.994526316,14.17678952,7.384358784,4.091338996,8.585813121,13.00799201,48.37808441,1.170940935,0.732528956,1.569653627,2.418609234,8.789793633
6,Twee Rivieren,0,2.148102815,0.329695762,0.360465116,1.066782448,14.87644537,3.335037056,0.327632162,0.387570374,1.093418091,15.13553011,7.307807255,1.226940529,1.225267512,3.683249512,39.24811424,1.155210073,0.189566622,0.194412933,0.580766813,6.42002537,6.56147543,18.90206354,3.490925976,3.662913056,11.09904049,120.0828912,1.293481265,0.269729654,0.288986617,0.890573167,9.415423765
6,#N/A,7.285916423,22.03947368,4.059202949,4.438034188,13.13418903,45.78957169,0.781081663,0.092079627,0.108925007,0.307300509,1.063444109,7.273974814,1.465512299,1.463513972,4.399436917,11.719923,14.56491713,2.868072787,2.941395664,8.786786787,24.28315152,3.849473436,11.42312207,2.531613977,2.656338734,8.049006549,21.77098051,3.089983022,0.773225009,0.828428303,2.552976413,6.747720365
4,Blanco,2.428638808,7.393314367,5.835820617,5.317047817,8.392317639,15.08617696,2.659899719,1.343864831,1.3247636,1.993300601,3.556789418,12.66064806,10.93192958,9.097519286,14.58552059,20.03473324,1.566298343,1.321842935,1.12969677,1.799853908,2.564756757,3.761915562,16.93309859,16.08319468,14.06296977,22.72660673,31.69598634,2.455283807,2.633144625,2.350945184,3.863964301,5.265957447
6,Thembalethu SP,2.428638808,7.105263158,1.635798203,5.365384615,1.764294049,0.768854749,1.807646135,0.266373207,0.945313455,0.296325491,0.128182995,23.69237511,5.966728644,17.8757778,5.970664388,1.988201224,0,0,0,0,0,48.30383167,39.39537223,10.91359639,34.35382615,11.56621949,3.910543769,2.383701188,0.74560983,2.396524734,0.820599561,0.271113765
4,Heatherlands,9.714555231,0.342105263,0.945127851,0,1.019369895,16.88063315,0.499892265,0.883964422,0,0.98336163,16.16435045,1.681096402,5.080442635,0,5.083793771,64.32935515,0.490607735,1.449131514,0,1.47987988,19.42652121,1.314905523,2.419014085,8.041597338,0,8.522477522,109.4952255,0.411997736,1.546450018,0,1.701984276,21.36778116
4,Heatherlands,2.428638808,1.501925546,0.345778482,0.756097561,2.237641233,13.65185993,2.743311208,0.404252022,0.956414697,2.698248375,16.34072655,8.232010522,2.073163739,4.140673677,12.44718738,58.02791145,1.615415712,0.397627549,0.815585961,2.436387607,11.78309534,1.302645706,11.56406733,3.203563167,6.722785548,20.37079993,96.42326664,1.08526233,0.339464638,0.727400461,2.241637826,10.36844837
1,Loerie Park,0,1.587346025,0.417650605,0.228314239,0.90091611,9.717015333,3.350341773,0.56423261,0.333727681,1.255355272,13.44012342,11.70026587,3.367560176,1.681484138,6.739562937,55.54495423,4.110144587,1.156221952,0.592890503,2.361510447,20.1906383,5.227230135,19.45504945,6.159521365,3.231490925,13.05571025,109.2499955,1.10450457,0.394838302,0.211513609,0.869098353,7.106641661
4,Heather Park,4.857277615,0.426315789,0.196295784,0.429230769,0.846861144,11.34829609,1.574660633,0.464081321,1.097964072,2.065059423,27.46876133,2.676822732,1.348271315,2.692865709,5.396642618,55.25943696,0.220773481,0.108684864,0.222926829,0.443963964,4.716043636,9.208979163,4.741267606,2.626921797,5.512684149,11.1360373,115.7767937,0.222478778,0.139180502,0.298234189,0.612714339,6.224772036
4,Heather Park,4.857277615,0.848389631,0.195319188,0.640642939,1.05330988,14.87217544,3.357485359,0.494756206,1.755806085,2.75194486,38.56968932,2.084482335,0.524959629,1.572731433,2.626529503,28.33772428,1.318050631,0.324432428,0.998179833,1.656581955,18.54141655,3.945912536,7.798612571,2.160429136,6.800600306,11.44810413,125.4077288,0,0,0,0,0
6,Thembalethu SP,4.857277615,10.47091413,4.821299967,6.589068826,2.600012283,0,0,0,0,0,0,41.65307683,20.97996554,26.1891974,10.49690212,0,1.161965688,0.572025597,0.733311938,0.292081555,0,27.02081387,35.64862861,19.75129171,25.90547062,10.46620047,0,2.341881869,1.465057911,1.962067034,0.806203078,0
6,Thembalethu SP,0,6.791795666,12.50904508,9.573529412,12.14249434,5.29152974,0.827027644,0.974960759,0.807326523,0.97613103,0.422249867,15.40371137,31.03437809,21.69444241,27.94936394,9.306997679,0.405833604,0.799153408,0.573708752,0.734499205,0.25373262,14.62491319,4.268848384,9.46070275,6.948761532,9.02379973,3.050950556,5.452911215,13.64514721,10.2335261,13.51575748,4.465403183
4,Blanco,19.42911046,2.934782609,0.450437186,2.462374582,1.943280402,19.05422638,2.934150249,0.288249268,1.704913155,1.282645604,12.4839091,6.072187671,1.019486816,5.090483381,4.080637141,30.57371218,1.079870286,0.177203582,0.908669141,0.723854289,5.626245059,3.901361567,15.77617881,2.913622224,15.2858367,12.3514167,93.9604338,2.901897099,0.605132616,3.241675969,2.663975388,19.80309237
1,Loerie Park,19.42911046,1.623514431,0.598033752,1.634615385,3.547559002,16.44357091,2.834570553,0.668319875,1.976461823,4.089079358,18.81395575,4.223598279,1.70188525,4.248911532,9.366543114,33.17494334,0.890215648,0.350596334,0.898898505,1.969195001,7.235472141,6.473609124,10.14425261,4.496377006,11.79474884,26.20890937,94.25140805,0.299030615,0.149656453,0.400852405,0.905894856,3.183400333
6,Thembalethu SP,0,15.89912281,5.856561468,8.324074074,3.158304162,0.825806952,0,0,0,0,0,25.59361509,10.31286432,13.38844263,5.159833421,1.030919153,1.277624309,0.503170664,0.670844625,0.25692359,0.053252525,40.73675778,26.87793427,11.91347754,16.25054284,6.312946313,1.280645913,12.87492926,6.44354174,8.97463995,3.545800574,0.702887538
2,Levallia,0,0,0.442107622,0.966735967,2.861017377,17.45508078,0,0.111988736,0.26495272,0.747487725,4.526822895,0,2.614157073,5.221184982,15.69528846,73.1703301,0,0.587485749,1.205009888,3.599707816,17.40925799,11.7499734,0,2.897872915,6.081284224,18.42697843,87.22237026,0,1.504654071,3.224153396,9.935908203,45.95744681
6,Thembalethu SP,7.285916423,5.954887218,6.854773423,4.496703297,4.435939323,4.832801277,1.285437252,0.947104738,0.672222901,0.632161048,0.683642641,23.94176853,30.14768157,18.06394389,18.10054046,15.06847243,2.523125493,3.105281815,1.910801394,1.902702703,1.643220779,30.75848915,14.37585513,19.91252674,12.53613305,12.6619666,10.70254084,2.542614601,3.97658576,2.556293049,2.625918597,2.168910117
6,Thembalethu SP,4.857277615,6.5625,3.021682792,7.079326923,2.793465578,3.652060056,0.410067873,0.120854511,0.306351583,0.115237691,0.149546828,22.91302067,11.54090935,24.69679828,9.898733064,9.888685034,1.60980663,0.792493797,1.741615854,0.693693694,0.718909091,40.88656661,16.93309859,9.381863561,21.09445465,8.522477522,8.64435991,9.192699491,5.750861003,13.20307608,5.425074878,5.377089666
1,Denneoord,0,2.583732057,0.39655714,1.300699301,2.138538241,22.3666836,2.454016572,0.241081206,0.85555642,1.340947677,13.92145015,7.935245252,1.332283908,3.991401742,6.665813511,53.27237729,1.505273732,0.247011053,0.759977827,1.261261261,10.4568595,1.308681952,17.68079385,3.265375889,10.27875245,17.30321194,140.405361,0.202253434,0.04217591,0.135560995,0.232088765,1.840287372
6,Lawaaikamp,4.857277615,6.065468549,6.144217641,8.549718574,3.012209352,0.787607303,1.714569505,1.111693061,1.673725719,0.562135078,0.145899344,23.41865062,25.95029095,32.98260757,11.80336734,2.35827719,0.67308988,0.728983841,0.951516954,0.338387168,0.070137472,43.8085817,2.950017176,3.595836208,4.801989677,1.732210879,0.351396744,10.8526233,14.93644407,20.36721291,7.472126088,1.481206909
1,Eden George,4.857277615,3.594924812,0.662108797,1.447802198,2.856476079,41.07881085,2.259557669,0.266373207,0.63020897,1.185301965,16.92015537,5.195696296,1.046794499,2.090734246,4.189939921,46.04255465,1.23199487,0.242600142,0.49760453,0.990990991,11.29714286,5.258050343,11.01515342,2.441199192,5.122938987,10.34872271,115.4639502,0.33106961,0.082845537,0.177520351,0.364710916,3.976335215
2,Levallia,4.857277615,1.039794608,2.872621235,3.140712946,5.163787461,39.15533451,0.445788071,0.788291443,0.932504329,1.461551203,11.00081055,1.703174591,5.147165146,5.140146634,8.584267155,49.73820982,0.269235952,0.795255099,0.815585961,1.353548671,8.135946785,5.192562925,2.773016146,9.21841646,9.672579206,16.28278226,95.7907525,0.226096319,0.848661595,0.909250577,1.556692935,8.948958411
6,Thembalethu SP,9.714555231,2.243767313,1.549703561,1.882591093,0.557145489,0.971184946,0.887966523,0.39254999,0.51596056,0.145563399,0.251868342,30.32098975,22.90827119,25.41892689,7.641127277,10.17782787,4.357371329,3.217643986,3.666559692,1.095305832,1.513492823,46.84955342,22.15307635,18.41102548,21.4645328,6.503996004,8.796015347,5.854704673,5.493967168,6.540223445,2.015507695,2.663573828
6,Thembalethu SP,17.00047165,23.91194332,11.01018021,5.61760355,0,0,1.622246532,0.478105757,0.263933671,0,0,40.28662974,20.29170875,9.45655182,0,0,1.592116447,0.783785073,0.375117261,0,0,38.22990427,37.68079632,20.87722386,10.22269725,0,0,3.208828523,2.007411081,1.003672752,0,0
4,Heather Park,24.28638808,5.161370407,0.226336858,0,0.732348473,8.936123116,17.82634679,0.50035722,0,1.669859371,20.22550305,25.36284048,1.21665172,0,3.652362724,34.0541159,2.18690712,0.10253289,0,0.314125446,3.038408233,3.90632605,45.0484321,2.377075943,0,7.557668746,71.54702919,5.876797899,0.350139627,0,1.156064791,10.6945002
6,Thembalethu SP,17.00047165,4.214986619,4.399095733,4.809647979,2.232778909,0.729760439,0.714888302,0.477565525,0.564933088,0.250007194,0.081110144,20.71233506,23.64691031,23.61466613,11.13529796,2.780998679,1.403221275,1.565798881,1.605828855,0.752481295,0.194958398,37.75432823,8.610050131,10.81299529,11.34571798,5.392754139,1.367469364,13.66924693,19.38304726,20.76687221,10.03882251,2.487507084
6,George Central,17.00047165,1.647597254,1.517262101,1.658862876,3.272893308,13.90624241,0.978050083,0.576498536,0.681965262,1.282645604,5.409693945,3.542109475,3.568203857,3.563338367,7.141114996,23.18506507,2.639682921,2.598985867,2.66542948,5.308264787,17.87895652,11.55848901,14.93478261,16.54937423,17.3647105,35.07802343,115.6339739,0.644866022,0.806843487,0.864446925,1.775983592,5.720893353
6,Thembalethu SP,7.285916423,12.04805492,3.413839728,3.265886288,1.841002486,0.601712412,0.794665692,0.144124634,0.149179901,0.08016535,0.026008144,57.55927897,17.84101929,15.58960536,8.926393745,2.22933318,0,0,0,0,0,48.4394859,36.91625842,12.58684801,11.55609255,6.669765018,1.691287808,8.383258286,3.22737395,3.025564237,1.775983592,0.440068719
2,Parkdene,4.857277615,3.515625,1.295006911,4.955528846,7.682030338,6.391105098,1.537754525,0.362563532,1.501122754,2.218325552,1.83194864,16.36644333,6.594805344,23.05034506,36.29535457,23.07359841,1.293594613,0.509460298,1.828696646,2.861486486,1.887136364,34.95843723,8.693331866,3.853265391,14.15086333,22.4602793,14.49731193,6.083404075,3.044573472,11.41677755,18.42929848,11.62400266
6,Ballotsview,12.14319404,1.556390977,2.866541613,6.268131868,6.956359393,12.12593775,0.160679656,0.189420948,0.448148601,0.474120786,0.82037117,5.985442133,12.05907263,24.08525851,27.15081069,36.16433384,0.47308603,0.931584544,1.910801394,2.140540541,2.957797403,16.30175888,6.63501006,14.70463513,30.85817366,35.06390752,47.42048865,0.21188455,0.530211435,1.136130244,1.312959298,1.735128094
1,Denneoord,2.428638808,2.925696594,0.449042644,0.981900452,3.874528108,21.52793296,3.308110575,0.32498692,0.768882403,2.892240088,15.95166163,5.819179851,0.977008199,1.951351963,7.821221186,33.20644851,3.571335717,0.586045833,1.202056432,4.78784667,21.088,7.813678134,17.64457332,3.258686503,6.83846373,27.62842386,119.1000699,0.218116449,0.045483824,0.097462153,0.400466888,1.686930091
1,Denneoord,2.428638808,9.914320685,0,0.831842576,4.103009416,26.82051449,7.062431413,0,0.410368632,1.929561338,12.52019954,13.80363593,0,1.157197094,5.797707565,28.95911207,6.161120391,0,0.518434487,2.581185837,13.37505285,6.513613882,29.70324271,0,2.878003115,14.53445779,73.71159613,8.795672602,0,0.982554499,5.046581282,25.00971938
5,George South,46.14413735,3.666497976,0.964701504,3.691568047,3.121443317,20.40422217,2.649669335,0.44623204,1.847535698,1.489225545,9.663025796,8.225186905,2.367366021,8.274482843,7.106782712,35.49784371,2.971950701,0.836037412,3.000938086,2.561330561,13.27216783,1.290746163,11.72291441,3.711506464,13.63026301,11.80035349,59.84556861,4.24278438,1.516710594,5.687478927,5.007761426,24.81733692
6,Thembalethu SP,0,22.85206259,18.037991,13.14760915,4.863729541,0,1.063959887,0.537545932,0.423924352,0.149497545,0,42.9361108,37.07350031,24.68196537,9.274488636,0,4.17679558,3.524914493,2.410019776,0.899926954,0,10.97350971,25.62847354,24.34213248,17.02759583,6.449442449,0,0,0,0,0,0
3,Pacaltsdorp,2.428638808,8.289473684,3.469874976,4.552447552,4.490930307,4.892712037,0.937297996,0.251126256,0.356481842,0.335236919,0.362537764,41.70412227,19.09606935,22.88403666,22.93039848,19.08926853,0.919889503,0.411685089,0.506651885,0.504504505,0.435702479,38.60495714,24.99647887,12.59037967,15.85280228,16.01192747,13.53409885,1.853989813,1.054397739,1.35560995,1.392532589,1.150179608
3,Pacaltsdorp,0,10.49342105,7.027873762,4.802350427,4.737456243,8.670972998,0,0,0,0,0,32.00548918,23.44819678,14.63513972,14.66478972,20.50986526,0.843232044,0.603804797,0.387025745,0.385385385,0.559151515,24.89519258,24.39172535,19.65723794,12.89105562,13.02045177,18.48932536,10.19694397,9.278700106,6.213212273,6.382441033,8.856382979
1,Denneoord,4.857277615,5.800214823,0,2.335949765,2.88048008,22.59491506,4.016991412,0,1.120371502,1.317002183,10.25463962,14.2510527,0,5.73458536,7.18275415,43.05277838,1.12639531,0,0.454952713,0.566280566,3.521187384,3.904635915,23.20278816,0,10.7911768,13.62436883,82.91528893,9.837496968,0,5.27489042,6.773202729,40.27975932
6,Rosemoor,9.714555231,2.156954887,7.945305558,10.85851648,17.13885648,28.00828013,0.401699141,0.947104738,1.400464377,2.107203493,3.418213207,1.974364592,7.955638192,9.930987668,15.9217717,19.88201224,0.09855959,0.388160227,0.49760453,0.792792793,1.027012987,17.54466204,1.900653924,8.424530544,11.04947625,17.85661957,22.63999024,1.125636672,5.633496493,7.544614903,12.40017115,15.36311333
3,Pacaltsdorp,7.285916423,1.817625459,2.231786696,3.050089445,4.814197715,18.09490711,0.686625276,0.539629444,0.797939006,1.200615943,4.479449167,5.683850087,7.634296625,9.529858423,15.27866464,43.88157217,0.385070024,0.505510993,0.648043108,1.032474335,3.076262156,23.02516213,9.282263348,13.71435205,17.98751947,29.06891558,84.76833555,0.258696253,0.431567447,0.577973235,0.949944712,2.706934332
1,Loerie Park,12.14319404,3.206477733,0.369103184,2.017751479,1.990485594,23.94095402,3.979911491,0.293238198,1.734421267,1.63105655,19.4732977,8.594481011,1.082224467,5.403743897,5.41469159,49.76459614,2.377560561,0.292613094,1.500469043,1.494109494,14.24546014,1.307142237,14.88624052,2.061948035,10.81766905,10.92625323,101.9591169,3.879117148,0.606684238,3.249987958,3.338507617,30.44259995
6,Thembalethu SP,0,3.707093822,2.84486644,4.043478261,2.454669981,1.203424824,2.200612687,1.080934755,1.662290326,0.961984203,0.468146591,29.6019149,24.84999115,32.26093843,19.89310606,7.452342344,1.439827048,1.181357212,1.575026511,0.965139052,0.375083004,49.05220009,23.34874464,21.56080446,29.40994982,18.28009671,6.953072101,0,0,0,0,0
1,Loerie Park,21.85774927,1.578947368,2.181064271,2.384615385,4.312718786,18.45251397,2.14239542,1.894209475,2.240743004,3.863206403,16.40742339,4.064189103,6.141194394,6.132820455,11.2662829,36.83404372,1.051302289,1.552640907,1.592334495,2.906906907,9.859324675,8.981714487,6.757880617,11.23270739,11.786108,21.82475725,72.44796877,1.765704584,3.313821466,3.550407013,6.686366797,21.68910117
1,Bergsig,2.428638808,0.951597744,0.292106822,1.277472527,1.890315053,17.29923184,1.882964724,0.369962788,1.750580472,2.469379093,22.43202417,5.143739333,1.727210923,6.899423012,10.3701013,72.51702358,0.887036306,0.29112017,1.194250871,1.783783784,12.94036364,3.924284193,7.904992455,2.9198657,12.25487365,18.56682603,131.8264886,0.198641766,0.082845537,0.355040701,0.547066374,3.795592705
2,Conville,0,7.342105263,5.07097443,7.392307692,11.85017503,5.958624302,0.562378798,0.248614994,0.392130026,0.599235993,0.299093656,20.36712948,15.38787914,20.48919561,33.36239662,12.81866578,2.207734807,1.630272953,2.229268293,3.607207207,1.437818182,29.63767721,18.38450704,15.27903494,21.37571405,35.08419913,13.68690319,2.595585739,2.435658778,3.479398873,5.80802134,2.214095745
6,George Central,4.857277615,4.185291997,2.569472977,7.725500527,13.856556,28.9847708,9.822369411,3.859776157,12.55621829,21.46893969,44.5772462,0.717433132,0.481812263,1.323177016,2.410650366,3.853125371,0.453644138,0.297766749,0.83979285,1.520424534,2.521105853,1.270821703,2.385876905,1.762541882,5.085786327,9.339701394,15.15723381,0.457148173,0.381316443,1.123484959,2.098336778,3.32764292
4,Heather Park,21.85774927,5.338654012,0.4469394,0.488650694,2.892285326,26.46877003,5.577691354,0.298881413,0.353559859,1.994934454,18.12213362,10.49360301,0.960991671,0.959681293,5.769753334,40.34727591,1.990580563,0.178171907,0.182726909,1.091714665,7.919785395,13.08648497,20.06592011,2.021385123,2.12097249,12.85357266,91.26176692,4.680564447,0.532384432,0.570393258,3.515574077,24.39134984
1,Eastern Ext,82.57371946,1.746208742,2.68012135,5.860495437,2.890651267,27.20963924,1.715731925,1.685525381,3.987762973,1.875053955,17.51979108,3.25479551,5.46462213,10.91434149,5.468226677,39.33126703,0.140322128,0.230264541,0.472302604,0.235150405,1.754625578,5.14688844,3.936022917,7.269240531,15.25474687,7.703934484,56.2615967,0.471353342,0.982913147,2.106173652,1.081769667,7.71984957
6,Thembalethu SP,7.285916423,8.807565789,5.79345197,7.600961538,8.747957993,11.43671439,0,0,0,0,0,21.64007507,15.57106817,18.65980315,21.81387471,21.79173183,2.414709945,1.698200993,2.089939024,2.427927928,2.516181818,29.9137796,13.22898327,10.47082987,13.18403416,15.53576632,15.75794775,6.488964346,5.799187566,7.455854728,8.935417447,8.856382979
1,Bodorp,2.428638808,0.582995951,0.402658019,0.586982249,1.592388475,8.138031801,2.682114266,1.185702277,1.870158584,4.836437247,24.53488264,4.834395569,3.652507575,4.863369508,13.40136169,52.33396387,1.018954526,0.752433671,1.028893058,2.817463617,11.41406434,3.890205626,9.378331528,7.794163574,10.9042104,30.28757396,120.0901077,1.36910017,1.284743092,1.835287318,5.184505947,20.08744447
1,Eastern Ext,4.857277615,0.999177632,0.613424326,2.682692308,3.308051342,17.73171264,1.318075307,0.517947903,2.45081266,2.880942275,15.32854985,3.955223805,2.656241041,10.6104763,13.28996569,54.43354863,1.293594613,0.849100496,3.483231707,4.335585586,18.42204545,6.46900434,6.123129401,4.523398502,18.98500919,23.96946803,99.68027521,1.303586587,1.087347669,4.659909205,5.983538469,24.31551577
1,Denneoord,2.428638808,8.227146814,0.63136071,1.380566802,6.809555979,28.48809174,4.143843772,0.203544439,0.481563189,2.264319542,9.403084751,16.53872168,1.388380072,2.772973842,13.89295869,44.4123398,1.742948532,0.143006399,0.293324775,1.460407776,4.843177033,9.068281203,34.63009637,3.197828181,6.710750486,33.89055389,110.0007436,1.56125458,0.162784212,0.348811917,1.791562395,5.682290833
6,Thembalethu SP,43.71549854,5.210526316,5.33149044,8.743589744,4.600233372,2.255307263,0,0,0,0,0,22.69480142,25.40221318,38.05136328,20.33517508,7.617949952,2.207734807,2.415219189,3.715447154,1.973173173,0.766836364,40.33623785,5.321830986,6.552412646,10.3128445,5.555392755,2.113065756,6.303565365,8.763216767,14.08328115,7.715662049,2.867781155
1,Denvar Park,17.00047165,1.360582307,0,0.456628478,2.70274833,21.78967075,4.30758228,0,1.001183044,5.649098725,45.20768786,4.828681153,0,1.619206948,9.734924242,59.97109537,0.880745269,0,0.296445252,1.771132835,11.3189942,2.629125075,7.565852562,0,2.932278803,17.77027228,111.1505285,0.355019326,0,0.158635207,0.977735648,5.976039578
5,George South,31.5723045,2.545168892,1.953191884,2.562571757,3.791915568,22.58367381,2.140396917,1.051356938,1.492435172,2.105237818,12.44586734,5.732326421,4.812129936,5.76668192,8.667547359,39.44541249,1.729941453,1.419391874,1.746814707,2.609116579,12.31802442,6.452562078,12.34780324,11.40226488,14.35682287,21.75139786,100.5068115,2.324405139,2.423541072,3.115879588,4.801119822,21.67831057
6,Thembalethu SP,0,80.76315789,7.197512094,18.36153846,7.762893816,3.382960894,1.937082525,0.110495553,0.30499002,0.122920204,0.053172205,74.16221433,7.229860673,16.84667195,7.234629597,2.409095284,1.901104972,0.181141439,0.433468835,0.184984985,0.06390303,0,13.3314554,1.429617304,3.50011692,1.515107115,0.512258365,0,0,0,0,0
5,George South,7.285916423,0.931837791,0,0.703656999,0.925531304,5.898754465,4.425275785,0,2.314209988,2.901722842,18.35748601,11.06598136,0,8.349227251,11.15485645,54.32472507,2.171542433,0,1.644542183,2.183429331,11.03112966,9.103422191,22.20734242,0,19.36540099,26.07971264,128.9568446,3.40404687,0,3.422359547,4.687432103,22.64911057
2,Levallia,2.428638808,6.617647059,4.875320135,7.995475113,14.4602924,13.74893198,0.413513822,0.194992152,0.345997081,0.596524518,0.562999822,17.11523486,13.79305693,20.66137372,37.95592634,27.57628942,0.811667208,0.639322727,0.983500717,1.795442501,1.353240642,18.70367289,15.29670671,13.56034061,21.34262471,39.52090067,29.15352754,2.453810047,2.456126499,3.947217209,7.433666615,5.358483819
1,Denvar Park,4.857277615,1.45998558,0,1.469968388,2.900209396,20.09554603,3.370420876,0,2.350094332,4.420075819,30.40102636,4.583600568,0,4.611071419,9.240826401,48.92666486,1.134110346,0,1.145172068,2.280636801,12.52674471,1.307309458,11.76369863,0,13.67768292,27.62994996,148.532997,0,0,0,0,0
6,Thembalethu SP,0,30.89244851,12.80189898,17.10702341,7.670843691,2.00570804,0,0,0,0,0,43.01132934,19.49768536,23.79800981,10.8391924,2.165637946,0,0,0,0,0,11.0937623,42.06981017,20.97808001,26.9030726,12.3514167,2.505611568,2.418247582,1.361548385,1.782921783,0.832492309,0.16502577
6,Thembalethu SP,2.428638808,8.141447368,7.497408431,9.6875,6.616102684,3.844273743,0.644392372,0.379828463,0.53100941,0.345713073,0.19939577,26.67124099,26.86772547,31.7094694,21.99718459,9.766602502,0,0,0,0,0,44.1373362,18.29379401,20.27152662,25.13755846,17.57760989,7.923996584,3.398981324,4.252737549,5.38478397,3.82946462,1.686930091
5,George South,51.00141496,9.18784029,0,1.233421751,3.65026355,27.83784435,4.363283775,0,0.405651751,1.144429483,8.663402438,18.05952368,0,2.422367954,7.281826621,42.43420398,3.568536864,0,0.480445753,1.435228332,8.676489028,0,35.65960418,0,5.528201909,16.75107651,99.11205759,4.794801241,0,0.856994796,2.641010083,15.26962583
6,Rosemoor,4.857277615,9.53601108,10.73313207,10.66801619,4.209543696,5.503381358,0.998962338,0.719674982,0.77394084,0.291126798,0.377802512,28.25364954,34.78663404,31.58109098,12.65802902,12.64518008,8.496874091,10.22495756,9.533055199,3.797060218,3.93508134,13.47813552,26.92744626,36.46934933,34.78734627,14.05461205,14.25561108,0.439102851,0.671484876,0.654022345,0.268734359,0.266357383
6,Thembalethu SP,29.14366569,8.700322234,3.738967322,7.591836735,6.913152192,1.506327671,1.291175811,0.355164277,0.780258725,0.677315408,0.146494852,35.62763174,16.74871198,31.06233737,28.7310166,4.783642042,0.844796482,0.388160227,0.739298158,0.67953668,0.117372913,36.92449215,26.65852256,13.78559544,26.86314225,25.04564823,4.233972201,1.135095804,0.662764293,1.318722605,1.250437427,0.206562868
6,Thembalethu SP,2.428638808,2.162471396,0.758631051,0.829431438,0.511389579,0.534855477,0.641845367,0.144124634,0.170491316,0.100206688,0.104032576,78.36917213,30.07486108,30.03385195,18.80918682,15.03207516,22.677276,8.505771928,8.723223754,5.428907168,4.500996047,48.4903166,27.60831292,11.6544889,12.22866936,7.719635437,6.26402892,5.924706577,2.823952206,3.025564237,1.942482054,1.540240518
1,Bodorp,14.57183285,4.973684211,0.381686247,0.834615385,3.293348891,19.91333799,4.78021978,0.23480305,0.555517536,2.089643463,12.54199396,13.38411366,1.123559429,2.244054757,8.994404364,41.55689365,2.759668508,0.226426799,0.464430894,1.84984985,8.866545455,7.807781717,39.18802817,3.618718802,7.594003675,30.68091908,143.9285925,0,0,0,0,0
6,Thembalethu SP,4.857277615,10.65789474,18.5390463,15.5,10.58576429,4.613128492,0.496216586,0.552477764,0.499773562,0.32537701,0.140749956,24.13248115,45.91938536,35.06694263,24.32629825,8.100535017,2.435001625,4.52853598,3.551530368,2.448330684,0.845775401,29.13640685,9.818351284,20.55074875,16.48952141,11.53041077,3.898436822,0.327174673,0.773225009,0.633503996,0.450525249,0.148846773
4,Heather Park,26.71502688,2.605263158,0.436212854,0.715384615,1.881913652,17.22234637,8.699297027,0.932306226,1.654298546,4.148556876,37.6858006,8.001372296,1.465512299,2.195270958,5.865915889,41.01973051,1.13836326,0.203784119,0.313490854,0.832432432,6.038836364,3.920591662,19.9568662,4.020798669,6.328336396,17.04495504,121.0210387,2.294312394,0.521926881,0.838783657,2.297678772,15.94148936
1,Fernridge,12.14319404,4.083484574,0.752091128,0.822281167,1.622339355,21.20978617,5.575307046,0.657258029,0.777499189,1.462326562,18.97697677,21.06944429,4.244932175,4.239143919,8.495464392,84.86840795,2.379024576,0.468469239,0.480445753,0.956818888,9.915987461,1.307026187,27.1096406,6.008089965,6.304089896,12.73473653,129.1685964,1.917920496,0.479932764,0.514196878,1.056404033,10.47060057
4,Blanco,36.42958211,5.796398892,0.593096425,1.296896086,5.117484493,30.94303146,2.441907937,0.159927774,0.378371077,1.42328657,8.542534584,15.16049488,1.696908977,3.389190251,13.58422627,62.76327187,2.178685664,0.238343999,0.488874626,1.947210368,9.333205742,5.210564656,22.91697554,2.821613101,5.921250429,23.92274392,112.2250234,2.341881869,0.325568425,0.697623834,2.866499833,13.14029755
6,George Central,9.714555231,1.441647597,1.137946576,1.451505017,3.682004972,8.290259898,3.708439898,1.873620242,2.585784952,6.25289732,13.97504269,7.969746318,6.881536011,8.017511326,20.65822552,35.54194041,1.399831852,1.181357212,1.413485331,3.619271445,6.459762846,6.358176588,18.40554195,17.48173334,21.40017139,55.58137515,97.09244826,2.633202923,2.823952206,3.529824944,9.323913857,15.91581869
5,George South,43.71549854,4.410163339,0.902509353,2.466843501,3.893614453,21.63398189,4.799612153,0.628681593,1.859237191,2.797494292,15.4291072,12.64166657,2.829954784,7.065239866,11.32728586,48.09209784,2.997570966,0.655856935,1.681560135,2.679092886,11.80002508,3.881071463,20.26966974,4.991336279,13.09310978,21.15925454,91.21290112,4.027633043,1.119843116,2.999481787,4.929885488,20.76669112
6,Thembalethu SP,7.285916423,8.259868421,5.916136835,7.392307692,9.115519253,7.150349162,1.581690368,0.725127065,0.980325064,1.15237691,0.897280967,23.5676784,18.46545496,21.0746012,26.3966215,15.82189605,4.967403315,3.803970223,4.458536585,5.54954955,3.450763636,38.36473744,21.77112676,18.76372712,22.50075163,28.40825841,17.28871982,1.251443124,1.217829389,1.491170946,1.91473231,1.138677812
6,Thembalethu SP,12.14319404,3.618421053,1.666090762,2.914529915,3.593932322,1.409567039,0.781081663,0.230199068,0.435700029,0.512167516,0.19939577,43.64384889,21.98268448,35.12433533,43.99436917,13.18491338,1.533149171,0.754755997,1.238482385,1.541541542,0.479272727,51.86324515,26.87793427,14.89184692,25.00083514,31.56473156,9.604844344,2.574985852,1.610885435,2.761427677,3.545800574,1.054331307
6,Thembalethu SP,0,12.82522344,8.436191991,14.75761974,7.279099976,5.947744282,1.114146675,0.469084894,0.887841568,0.417464843,0.338596591,33.81712065,24.33303439,38.87976741,19.47926786,12.16218425,0.72896904,0.512664451,0.841233318,0.418833928,0.271286449,22.16536541,24.92040925,19.72467272,33.11431372,16.72335212,10.60157347,6.366531057,5.689768933,9.753570964,5.009614094,3.10331479
2,Conville,2.428638808,16.84707051,11.93412526,19.57184325,11.5844213,10.09665859,3.103694308,1.407254681,2.497054409,1.408943845,1.218947728,22.83753602,17.69675229,26.50893233,15.93758279,10.61426989,2.707599291,2.050657802,3.154624942,1.884752677,1.302174957,61.63691189,10.08683231,8.597934261,13.53229166,8.200874597,5.545438433,0,0,0,0,0
5,George South,4.857277615,4.348576359,0.572082432,2.501891551,7.404250435,29.84668926,3.065425414,0.258124857,1.221388605,3.445795875,13.78772721,5.342197896,0.768793337,3.070980138,9.231605334,28.43522302,1.900099629,0.267257861,1.096361455,3.275143996,10.4654307,5.180638749,22.4849342,3.559395543,14.93902362,45.26692979,141.5691074,1.489270506,0.266192216,1.140786516,3.515574077,10.74380886
4,Blanco,12.14319404,2.144985104,1.975303491,2.159651669,4.260936571,22.9786023,0.74276445,0.437812567,0.517907581,0.974084633,5.214387505,8.564076008,8.627166739,8.615403006,17.26571469,71.14877785,0.833107474,0.820263121,0.841233318,1.675335713,7.161962264,12.91064431,12.41456285,13.75669482,14.43444444,29.15866523,121.9996455,0.699618797,0.875349067,0.937843362,1.926774652,7.877645237
6,Rosemoor,4.857277615,4.827935223,5.928020839,17.8234714,20.77946324,16.71766223,0.648898613,0.509979474,1.659011647,1.843803056,1.472461074,7.833511339,10.52162676,28.89501945,34.21784269,21.03575924,0.424564386,0.557358274,1.57191995,1.84984985,1.179748252,21.07073067,8.373510293,12.37168821,35.69830787,42.61238761,26.59803049,0.855687606,1.427492324,4.205866769,5.105952827,3.114332476
6,Thembalethu SP,0,3.767942584,3.965571402,5.690559441,2.405855521,2.096876587,0.298231181,0.200901005,0.311921611,0.125713845,0.108761329,27.15617264,31.26426237,40.97839122,17.59774767,11.719923,1.756152687,1.976088428,2.659922395,1.135135135,0.784264463,37.96408194,17.44622279,22.09408561,30.42715277,13.17110163,8.90631021,12.19138756,17.43270929,24.5139466,10.79212757,7.131113567
6,Thembalethu SP,4.857277615,7.443609023,6.854773423,7.494505495,3.23453909,0.60410016,1.606796565,0.947104738,1.120371502,0.460950764,0.08545533,39.90294755,40.19690876,40.14209752,17.59774767,2.511412072,0,0,0,0,0,64.55083854,6.220321932,6.892797718,7.232384452,3.195929071,0.463090709,13.24278438,16.56910733,17.75203507,7.978051292,1.129640686
4,Glen Barrie,9.714555231,2.353041695,0.25492959,0.418081918,0.549909833,9.166346224,10.86413586,0.753378769,1.336806906,1.676184596,27.73413897,16.70180191,1.979393234,2.965041294,3.961397744,50.45655163,6.092774629,0.705745867,1.08568261,1.441441441,19.04642267,2.614046578,43.25951162,5.639561769,8.876108191,11.95360484,154.5880986,3.27457941,0.482010395,0.774634257,1.060977211,13.407808
6,Thembalethu SP,2.428638808,20.66243194,16.54600481,10.85411141,1.784573291,1.166538239,1.672592114,0.857293082,0.608477626,0.095369124,0.061881446,50.76732767,44.47071803,26.64604749,4.450005158,2.222744018,1.094351305,0.936938479,0.576534903,0.095681889,0.049579937,20.75810394,25.90013356,24.95668139,15.71173174,2.644906817,1.341366193,17.64486857,19.19731056,12.34072507,2.112808066,1.047060057
2,Parkdene,0,16.38616891,2.662927308,9.704830054,8.616319774,5.006496037,2.223358037,0.231269762,0.911930292,0.771824535,0.44516265,58.66545269,10.4289945,34.71591283,31.30762085,13.90037379,0,0,0,0,0,42.38363411,40.16688503,7.854583446,27.47184792,24.97284111,11.25777105,0,0,0,0,0
6,Deville Park,2.428638808,0.348297214,0.641489491,1.052036199,1.037820029,18.99523497,0.468648998,0.552477764,0.980325064,0.921901528,16.74924471,2.167929749,4.367801361,6.542768346,6.556023641,91.69116232,0.811667208,1.598306817,2.458751793,2.448330684,35.52256684,10.50768961,3.652236951,8.094156797,12.73939614,12.86726998,182.7180389,0.145410966,0.363870592,0.58477292,0.600700333,8.335419274
6,Lawaaikamp,19.42911046,8.493647913,4.888592331,7.482758621,6.854383777,3.446590252,1.939237233,0.714410901,1.18315094,1.033165506,0.515678717,37.72433835,23.75140622,33.20662737,30.8971949,11.87147373,1.522575729,0.936938479,1.345248108,1.243864554,0.495799373,53.0090902,6.673142302,4.621607665,6.789019888,6.367368264,2.484011468,14.83191851,11.59837513,17.39699436,16.59434669,6.325987842
5,George South,31.5723045,5.563909774,1.921413762,5.601953602,8.980163361,27.99607608,3.927724936,0.868179343,2.738685894,4.18514027,12.95123004,10.34520862,3.908032796,10.40721047,16.94597924,40.36862368,2.453038674,0.905707196,2.47696477,4.008008008,9.904969697,5.120471562,9.215291751,3.829332066,10.71464363,17.58606473,42.53573924,9.417091115,4.418428622,12.62366938,21.07218627,49.80460269
6,Thembalethu SP,4.857277615,7.636116152,2.895550842,7.236074271,4.461433227,4.666152957,0,0,0,0,0,34.96524445,14.50351827,33.10569537,20.73297857,16.56954631,3.235473424,1.31171387,3.074852817,1.913637776,1.586557994,50.94256299,38.99617533,17.79318951,42.6738393,26.93886573,21.85930092,0,0,0,0,0
6,Thembalethu SP,31.5723045,5.921052632,6.939749953,8.671328671,5.880980163,2.096876587,1.124757595,0.843784221,1.140741893,0.737521222,0.26102719,26.18630933,33.57355448,38.31745673,26.3966215,7.191770934,1.655801105,2.074892849,2.431929047,1.664864865,0.470558678,56.09014218,15.48169014,21.8341552,26.1826928,18.18128538,5.029445766,1.853989813,2.95231367,3.614959868,2.552976413,0.690107765
6,Thembalethu SP,0,15.94265515,12.67947065,9.485074627,6.477855762,3.763945635,0,0,0,0,0,37.26012174,32.41625711,22.14930101,15.36519759,6.822044733,0.906159809,0.770527018,0.540680743,0.37273094,0.171679783,24.52322318,30.18351902,28.8857377,20.73763303,14.5009319,6.53702839,18.26318323,19.73454873,14.4665838,10.2881139,4.532050991
3,Pacaltsdorp,0,5.526315789,5.937341626,9.273504274,6.403733956,28.70391061,1.71837966,1.18168855,1.996958464,1.31456329,5.848942598,12.60822301,14.81795769,21.13964626,14.82773183,50.78633301,1.839779006,2.113316791,3.096205962,2.158158158,7.668363636,11.41258428,16.66431925,21.54353855,32.29274539,22.8318225,79.40004658,2.26598755,3.30768476,5.062617408,3.640355256,12.37082067
6,Thembalethu SP,7.285916423,11.57894737,7.330799355,10.2008547,3.593932322,7.517690875,1.666307549,0.6752506,1.0166334,0.34144501,0.708962739,41.3808345,28.65890717,36.42523664,13.03536864,20.83541867,1.635359116,1.106975462,1.444896116,0.513847181,0.852040404,48.31474687,33.68701095,25.6636162,34.27197817,12.3628532,20.06345263,0,0,0,0,0
6,Lawaaikamp,2.428638808,12.12794918,9.137907204,5.550397878,3.832776727,0.715830283,2.133160957,1.028751698,0.676086251,0.44505591,0.082508595,40.83458965,33.65624796,18.67241964,13.09717427,1.869125651,1.046770813,0.843244631,0.480445753,0.334886611,0.049579937,72.13565768,30.2793832,27.45234953,16.00268974,11.31432361,1.639447569,7.032375154,7.198991462,4.284973981,3.08117843,0.436275024
1,Eastern Ext,2.428638808,5.235457064,0,3.294534413,7.150033778,44.18891502,2.367910727,0,1.03192112,2.134929854,13.09715376,5.512907228,0,3.466217303,7.641127277,36.08502609,2.614422797,0,1.649951861,3.614509246,17.70786603,9.13189767,21.89844329,0,15.91336053,35.36080586,169.5507786,0.585470467,0,0.490516758,1.108529232,5.193968965
6,Thembalethu SP,9.714555231,0,0,0,0,0,0.937297996,0.10177222,0.137589483,0.048521133,0.020989028,102.8055107,19.07737062,21.7729798,8.181409004,2.724368066,45.99447514,8.342039963,9.777492512,3.65101944,1.261244019,68.77277057,61.28169014,12.50915141,15.00050109,5.681651682,1.920968869,6.179966044,1.424361858,1.744059585,0.671835898,0.221964486
6,Thembalethu SP,38.85822092,10.75391181,5.30529147,5.027027027,3.814689836,3.98973275,1.063959887,0.335966208,0.344438536,0.249162575,0.258675594,34.12870345,18.41792483,15.94043597,12.28671571,9.819394948,1.044198895,0.550767889,0.489535267,0.374969564,0.310879607,38.4300729,40.27331557,23.90745154,21.7405911,16.89139689,13.70637247,9.119625568,6.112657164,5.675853374,4.484958564,3.556231003
3,Pacaltsdorp,0,4.398496241,9.451278507,8.857142857,20.3873979,22.84596967,0.602548712,0.828716645,0.840278626,1.843803056,2.050927924,8.936597629,21.00567628,17.98031452,42.03906387,35.99690637,0.591357537,1.358560794,1.194250871,2.774774775,2.464831169,21.17943939,9.157696177,23.67803661,21.29535422,50.18792319,43.63343574,0.926994907,2.706287531,2.485284909,5.956944964,5.060790274
6,Rosemoor,9.714555231,12.18045113,13.08638563,20.43956044,26.21236873,15.81644054,0.803398282,0.552477764,0.933642918,1.141401892,0.683642641,19.53581807,22.95969268,32.75483652,42.66755486,19.6727279,0.788476717,0.905707196,1.326945412,1.717717718,0.82161039,7.394313985,2.073440644,2.680532446,4.017991362,5.275819419,2.469817117,10.85908319,15.85111268,24.26111459,32.39848639,14.8208858
6,Thembalethu SP,9.714555231,21.62471396,9.293230372,20.32107023,10.02323576,5.615982512,1.375382929,0.378327164,0.895079406,0.420868089,0.234073296,49.33652483,23.19332507,46.32339877,23.20862374,9.936456459,0.899891905,0.413475024,0.848091198,0.422248335,0.187541502,30.84273979,24.45307716,12.64512045,26.53621252,13.40128712,5.825546896,1.813685687,1.058982077,2.269173178,1.165489232,0.495077309
6,Thembalethu SP,14.57183285,3.738721805,2.632856156,4.428571429,3.276546091,1.427873105,0.34144427,0.15390452,0.280092875,0.197550327,0.08545533,28.26458785,21.77332558,33.45174794,25.13963953,8.371373573,3.351026046,2.523041475,3.980836237,2.972972973,1.027012987,55.25895963,31.72364185,26.8819111,43.39430671,32.8724133,11.11417703,4.952801358,4.738764697,7.810895429,6.017730117,1.988167607
6,Thembalethu SP,9.714555231,8.975069252,6.198814244,18.07287449,7.428606522,1.942369891,0.295988841,0.130849997,0.412768448,0.16173711,0.041978057,28.78962663,21.7512878,57.92434248,24.18403919,4.83189808,0.580982844,0.429019198,1.173299101,0.486802592,0.100899522,41.56023386,23.42624166,19.4691304,54.47550394,22.92596293,4.650766735,5.854704673,5.493967168,15.69653627,6.718358982,1.331786914
6,King George Park,14.57183285,1.657894737,0.508914997,1.112820513,6.586697783,40.90307263,1.462184874,0.287288437,0.679692044,3.835110357,23.64036254,3.14235712,1.055168855,2.10746012,12.67037832,60.123205,0.551933702,0.181141439,0.371544715,2.21981982,10.92741818,5.237009123,8.031126761,2.966455907,6.225207951,37.72616717,181.7620744,0.29663837,0.123716001,0.265097057,1.633904905,7.692401216
6,Thembalethu SP,34.00094331,11.84210526,8.178991016,20.86538462,16.17269545,24.98777933,0.86519815,0.382484606,1.055734684,0.780070524,1.196374622,21.93383175,16.57156215,38.61425327,30.40123716,35.8922642,2.122821929,1.567570147,3.751172608,2.934857935,3.594545455,6.240657991,16.00270856,13.29956483,32.56118385,25.8405889,30.97562301,1.140916808,1.070619243,2.676460671,2.160210811,2.530395137
6,Deville Park,4.857277615,0.54981203,1.012636983,2.214285714,4.368728121,29.27139864,0.677867301,0.799119622,1.890626909,3.555905894,23.64976262,1.818493704,3.663780747,7.317569861,14.66478972,75.08075674,0.246398974,0.485200284,0.995209059,1.981981982,10.52688312,15.635804,3.455734406,7.658664131,16.07196545,32.46658104,168.7708363,0.297962649,0.74560983,1.597683156,3.282398246,16.67349653
4,Blanco,4.857277615,3.700657895,0.757313983,1.655982906,2.042007001,27.76419926,2.636150614,0.345298602,0.816937553,0.960314092,12.96072508,13.09315467,2.931024597,5.854055889,7.332394862,76.17949952,3.449585635,0.754755997,1.548102981,1.926926927,20.76848485,7.850177972,24.19014085,5.956738769,12.50041757,15.78236578,166.4839686,3.012733447,0.837660426,1.79492799,2.304770373,23.75759878
6,Rosemoor,12.14319404,2.605263158,4.798341396,9.617948718,11.21306884,13.53184358,0.749838397,0.883964422,1.917080125,2.130616865,2.552265861,7.758906469,15.63213119,28.61982879,33.89195847,31.25312801,0.551933702,1.086848635,2.043495935,2.404804805,2.300509091,47.28790879,8.385915493,18.58502496,35.75119425,42.67551708,39.95615247,0.741595925,1.855740021,3.645084534,4.425159116,4.048632219
3,Pacaltsdorp,0,5.351720648,4.928366381,5.388313609,13.82030338,33.35646755,1.35187211,0.796842928,0.942620254,2.30475382,5.521729026,12.03003527,12.11865939,12.10213477,31.52929791,58.14884875,1.857469188,1.828831838,1.875586304,4.855855856,9.290517483,21.62795033,13.95585049,15.46461026,16.22650358,42.61238761,79.79409148,1.42614601,1.784365405,1.911757622,5.105952827,9.342997428
6,Thembalethu SP,7.285916423,4.320768137,2.94738415,2.255717256,0.953672459,1.454590065,1.53894198,0.671932415,0.556400712,0.224246318,0.339511717,59.44999956,44.36145336,31.01067444,13.31721445,15.52097911,1.006906077,0.734357186,0.527191826,0.224981738,0.272019656,76.44811587,35.30452988,28.97872915,21.28449478,9.213489213,10.90279628,9.470380397,8.777148749,6.582646516,2.897973226,3.35106383
6,Ballotsview,4.857277615,27.77308838,9.300387268,25.42089985,37.61608067,42.62066512,1.459001598,0.312723262,0.924834966,1.304577634,1.467251895,8.454280162,3.09693165,7.731771928,11.62115412,10.06144333,0.572761389,0.20506578,0.525770824,0.785313616,0.705344768,20.06182512,19.07826202,7.687564751,20.16576797,30.55227791,26.85731947,3.463113047,1.57562832,4.220295129,6.502864449,5.585966623
6,Rosemoor,0,5.092105263,4.689288182,25.63461538,30.34585764,46.28505587,0.702973497,0.414358323,2.45081266,2.765704584,4.187311178,4.946302874,4.982741815,24.87973753,29.91617104,34.86677093,1.103867403,1.086848635,5.573170732,6.659459459,8.051781818,7.549177651,6.410387324,7.103410982,37.26686988,45.16913087,53.45095878,0.185398981,0.231967503,1.242642455,1.531785848,1.771276596
6,Thembalethu SP,19.42911046,8.721804511,5.521900813,8.232600733,6.497082847,6.370510774,2.856527226,1.157572457,1.867285836,1.404802328,1.367285283,34.73034324,24.05301138,32.75483652,26.25695684,19.6727279,3.504340963,2.372090275,3.317363531,2.642642643,2.054025974,71.8016987,23.95975855,18.25314951,26.11694385,21.10327767,16.05381126,0.470854556,0.405022624,0.591734502,0.486281222,0.36148502
3,Pacaltsdorp,34.00094331,2.625858124,2.418136474,4.406354515,3.47744914,9.092543114,1.467075124,0.864747804,1.704913155,1.282645604,3.329042427,22.77070377,22.93845337,38.17862536,30.60477855,61.14742436,6.119264953,6.024921782,10.29825027,8.203681943,17.00376285,27.66861447,13.56751378,15.03429067,26.29163913,21.24443672,43.09651897,3.627371374,4.538494617,8.104189921,6.65993847,13.20206158
6,Thembalethu SP,4.857277615,3.721804511,6.854773423,5.35321821,6.337056176,4.142401095,1.807646135,2.13098566,1.800597057,2.031946225,1.318453665,27.43327644,55.27074955,39.42527435,47.40617739,23.67902811,1.182715075,2.328961361,1.706072673,2.038610039,1.056356215,46.4730745,3.455734406,7.658664131,5.73998766,6.957124508,3.528310167,11.91850594,29.8243932,22.82404508,28.13484211,13.94299361
6,Thembalethu SP,7.285916423,23.29511278,11.91795834,13.8989011,5.141656943,6.721987231,2.169175362,0.710328553,0.896297202,0.316080524,0.410185585,44.890816,25.12306798,26.76139835,10.05585581,10.04564829,1.064443567,0.58224034,0.636933798,0.237837838,0.246483117,44.50448585,50.38460765,31.01758973,34.71544537,13.14896532,13.33701243,3.575551783,2.4853661,2.840325611,1.094132749,1.084455059
6,Thembalethu SP,17.00047165,7.697368421,4.634761576,5.365384615,2.646441074,2.306564246,0,0,0,0,0,48.77391533,32.12557223,33.96892956,17.01887439,11.33439922,4.720485606,3.038885987,3.299903723,1.642958748,1.135119617,61.62022858,38.0676427,27.58126806,30.64247097,15.47502498,10.46422515,12.05093379,9.858618863,11.18378209,5.74419693,3.795592705
2,Levallia,21.85774927,4.099190283,8.493567593,13.41346154,14.25006732,15.9685217,0.648898613,0.860590363,1.470487596,1.489225545,1.656518708,11.6383597,26.37922137,38.05136328,41.06141123,35.15976901,0.424564386,0.940542088,1.393292683,1.494109494,1.327216783,33.4348571,6.884886241,17.16571739,26.01649407,28.29899588,24.60317821,3.137521222,8.832608755,13.669067,15.12147568,12.84662146
6,Rosemoor,2.428638808,5.845464726,2.018644591,8.092471358,8.708855731,12.3343932,3.350341773,0.7405553,3.212128934,3.295307589,4.632769814,23.27671941,8.793073792,32.19730739,35.19549534,38.08974976,1.40919243,0.520299879,1.956538661,2.125359402,2.386166344,52.7377326,23.88133054,9.92367331,38.17946686,42.06839969,46.22586789,0.631145468,0.296128727,1.163324851,1.30364753,1.399793054
6,Dormehls Drift,7.285916423,1.258223684,0.386230131,1.266826923,2.707701284,18.78888792,2.811893988,0.552477764,1.960650128,3.994906621,27.51661631,6.546577333,2.198268448,6.585812875,14.29816998,75.81325192,2.242230663,0.735887097,2.26410061,4.88475976,26.86922727,2.609822463,16.32834507,6.031198003,18.98500919,41.54707792,223.6728127,0.69524618,0.289959378,0.931981841,2.074293336,10.91232903
2,Borcherds,9.714555231,5.210526316,4.798341396,13.11538462,18.1134189,30.44664804,1.124757595,0.662973316,1.960650128,2.581324278,4.30694864,11.8711269,11.95858036,29.85568503,41.88263945,53.79444658,0.441546961,0.434739454,1.114634146,1.553873874,2.070458182,22.67342017,11.03070423,12.22322795,32.06357107,45.33958042,59.12742178,0.88991511,1.113444013,2.982341891,4.289000374,5.465653495
6,Thembalethu SP,29.14366569,7.061403509,3.11003609,8.346153846,3.659276546,3.189323402,0,0,0,0,0,49.57079133,23.88242264,58.54055889,26.07073729,17.36284889,0.783609576,0.368991821,0.928861789,0.411077744,0.284013468,59.32642187,17.17201356,9.100573119,23.43828295,10.52157719,7.114699514,17.37257121,10.39558067,27.338134,12.48121802,8.247213779
6,Rosemoor,4.857277615,40.26315789,20.59894034,31.52991453,15.55192532,14.52281192,2.34324499,0.767330227,1.27079175,0.597528768,0.55387714,20.36712948,11.39842899,15.93604103,7.984163294,5.697184793,0,0,0,0,0,40.77662515,23.38380282,14.39545202,21.14653972,10.67940085,7.737235722,3.707979626,2.577416696,3.865998748,1.985648321,1.405775076
6,Thembalethu SP,24.28638808,3.774671053,2.453697305,3.800480769,2.86697783,1.441602654,2.614182692,1.087690597,1.822791916,1.310828735,0.654267372,39.41585103,28.02792271,39.65208168,30.38361121,11.67414205,2.199110843,1.528380893,2.220560213,1.690878378,0.673977273,70.11500067,19.9190691,15.58059484,23.15995334,17.88832522,6.978519719,14.77398132,13.04817202,19.80461412,15.55720002,5.930613602
2,Parkdene,2.428638808,7.01417004,4.613789804,13.11538462,16.91912755,13.01138805,0.946310477,0.398421464,1.22540633,1.506954421,1.150360214,19.97545391,14.3732937,37.31960629,48.90143342,28.73634967,0.742987675,0.522523382,1.393292683,1.814275814,1.106013986,43.46564076,16.93309859,13.40266223,36.5637214,48.29403929,28.81453303,2.495755518,2.230456756,6.213212273,8.346269044,4.866144494
2,Levallia,4.857277615,0.632940109,0.582870624,1.911803714,3.771939001,38.62832306,0.145442793,0.085729308,0.304238813,0.572214742,5.816855922,2.307605803,2.324605715,6.964307868,13.95683436,109.2175583,0.475804915,0.468469239,1.441337258,2.870456664,23.30257053,26.26535954,3.41998543,3.789718286,11.9292778,24.09803989,191.467604,0.479480124,0.599915955,1.928238292,3.961515124,30.75738916
4,Blanco,17.00047165,7.492822967,10.35014136,17.6027972,16.12457834,21.08059929,2.1472645,1.898514497,3.493522047,3.050655965,3.958912387,14.28344145,21.58299931,33.52777464,31.19600723,31.16434071,0.301054746,0.444619896,0.709312639,0.655855856,0.679695868,22.34281628,14.51408451,24.12479201,39.37631535,36.93073593,37.45889294,2.022534342,3.795831862,6.326179769,6.034307886,5.98093396
6,Thembalethu SP,24.28638808,24.30747922,13.99037937,22.43421053,10.05957133,6.575731403,1.331949784,0.490687487,0.851334924,0.363908498,0.23612657,48.69734718,30.66005993,44.90677083,20.45352251,10.21638025,1.742948532,1.072547995,1.613286264,0.730203888,0.378373206,18.45822439,31.31986657,21.69115071,33.38104929,15.32550783,7.772341147,7.025645608,5.493967168,8.633094948,4.031015389,1.997680371
1,Denneoord,4.857277615,6.70123839,1.424106671,5.190045249,7.679868213,29.45165955,6.880869995,0.935962329,3.690635536,5.206032158,19.81759374,12.90488708,2.999989882,9.986330634,15.0098436,43.98418162,3.376535587,0.767187272,2.62266858,3.917329094,11.90851765,2.57066783,36.25675228,9.271488695,32.42755382,49.12957631,146.1744311,1.701308299,0.4912253,1.754318759,2.703151496,7.859109601
1,Bodorp,21.85774927,6.379800853,3.320719476,4.189189189,4.959096786,15.12773668,22.72314331,7.570438545,10.33315608,11.66080852,35.30921858,13.26353606,7.552009323,8.70197497,10.46352564,24.39011003,3.430939227,1.909328684,2.25939354,2.699780862,6.528471744,2.53411004,31.07670346,19.46404641,23.56497637,28.56181656,67.59733695,4.225760565,2.988410169,3.694342433,4.553957926,10.53191489
6,Rosemoor,12.14319404,5.802631579,7.481050449,15.19,19.5954259,12.05564246,0.843568197,0.696121982,1.5293071,1.880679117,1.148519637,14.83890862,20.92751562,38.81239054,50.85749076,23.90864293,0,0,0,0,0,38.23669645,14.99788732,23.26702163,45.33901453,59.88460872,28.58401677,0.370797963,0.649509007,1.292348153,1.736023961,0.809726444
1,Bergsig,9.714555231,6.9524618,0.738747576,0.807692308,2.655926525,17.70846098,15.722418,1.069311801,1.264935567,3.965167862,26.24305623,28.47018099,3.309221319,3.304708969,11.03801377,56.23672731,3.086080912,0.350596334,0.359559402,1.193451516,6.307847507,6.48430524,69.65720127,8.906285224,9.345070233,31.46290985,162.7556366,2.591598664,0.374141133,0.400852405,1.372567964,6.938180214
6,Deville Park,2.428638808,4.398496241,2.025273966,4.428571429,8.737456243,114.2298484,0.516470324,0.152213261,0.360119411,0.677315408,8.789691103,4.037798264,2.033772169,4.061997964,8.140454704,81.32191471,0.788476717,0.388160227,0.796167247,1.585585586,16.43220779,3.94547462,7.306409888,4.048151041,8.495181737,17.16090712,174.0633016,0.151346107,0.094680613,0.202880401,0.416812476,4.131257366
6,Thembalethu SP,4.857277615,13.51000741,3.68630581,10.07583965,4.969842392,3.898418444,1.069311798,0.186753047,0.552295811,0.259690571,0.202204162,53.11026118,15.85230205,39.57671587,19.82844808,11.88499234,0,0,0,0,0,69.52867845,60.71384646,19.93410044,52.29047914,26.40767683,16.07120434,1.410076759,0.522743668,1.400160512,0.719148285,0.427672417
6,Kingswood Golf Estate,4.857277615,2.777777778,0,1.118708452,2.758978348,49.77622595,2.777179248,0,0.774577828,1.821040055,32.612286,7.902589922,0,3.179980977,7.966058615,109.8200192,0.511049724,0,0.206413731,0.513847181,7.348848485,5.28725343,12.99100156,0,6.041868493,15.25628692,213.5477059,0.457775263,0,0.245460238,0.630364547,8.622087133
6,Ballotsview,4.857277615,5.968421053,2.355549413,6.009230769,8.468611435,25.46446927,0.984162896,0.248614994,0.686227545,0.921901528,2.751661631,21.58915725,9.320658219,21.71854735,31.08935421,71.4329307,2.318121547,0.978163772,2.340731707,3.32972973,7.936756364,34.45865575,26.75429577,12.70572379,31.10728913,44.88504829,104.712013,0,0,0,0,0
6,Thembalethu SP,36.42958211,4.692154916,3.168716016,2.519593614,3.106932916,3.655686729,1.591638107,0.687991177,0.591894378,0.695774738,0.812631819,54.3489439,40.14950675,29.15982556,36.52362724,32.83789747,2.343114771,1.691792687,1.261849977,1.570627231,1.464946827,64.55778897,24.6465586,20.02812922,15.28352941,19.29617552,17.61492208,11.54371016,10.59172371,8.253021585,10.59726058,9.453174285
6,Thembalethu SP,4.857277615,11.67293233,7.010563728,14.81868132,5.544924154,3.954110136,0.384961677,0.147985115,0.338445558,0.1207252,0.08545533,43.81703876,28.78684872,55.57868537,21.12428044,11.51063866,1.51124704,0.970400567,1.924070848,0.726726727,0.410805195,46.72050939,41.06564386,29.67732351,60.20290391,23.06480028,12.76072177,6.091680815,4.9707322,10.29618034,4.011820078,2.168910117
6,Rosemoor,7.285916423,12.80701754,10.31966521,19.34188034,25.44068456,22.86630975,0.833153774,0.429704927,0.871400057,1.092624033,0.974823766,22.41461869,19.75727691,33.82343402,45.18927796,31.0360924,1.226519337,1.056658395,1.857723577,2.466466466,1.757333333,16.14759991,22.21909233,21.54353855,38.75129447,52.18702285,36.39168802,0.549330315,0.601397229,1.104571071,1.512874912,1.030901722
6,Ballotsview,65.57324781,6.176470588,7.312980202,7.995475113,15.77486444,9.16595465,0.385946234,0.292488228,0.345997081,0.65075402,0.375333215,22.36390688,28.96541955,28.92592321,57.96905114,25.73787012,1.136334092,1.438476135,1.475251076,2.93799682,1.353240642,44.41394209,11.28873239,16.08319468,16.87556372,34.08991009,15.36775095,4.834914611,7.777733912,8.333014107,17.11995948,7.541569819
6,Thembalethu SP,34.00094331,5.376955903,3.404228693,8.458939709,5.34056577,2.618262117,0.911965618,0.369562828,0.9935727,0.59799018,0.291010043,31.45502622,21.78464228,49.4430396,31.70765346,11.87830034,1.193370166,0.807792905,1.88282795,1.199902605,0.46631941,66.38716437,27.72059383,21.11824886,50.36063498,32.55432855,12.38246149,2.806038636,2.413715906,5.877362961,3.863964301,1.436170213
6,Campher's Drift,9.714555231,2.853519341,0.525557656,0.861909175,1.983945115,22.60247695,7.114430573,0.838701183,1.488204314,3.265530714,36.92905762,17.17709715,3.460727838,5.184013347,12.12053705,105.514608,4.322372362,0.851146522,1.309359389,3.042222946,27.47445345,5.240027932,25.06448329,5.554838322,8.742761928,20.60454405,182.1217353,2.6804672,0.670749405,1.0779549,2.583735165,22.31625591
6,Thembalethu SP,9.714555231,5.38277512,3.304642835,5.871212121,5.791874403,11.64931437,2.811893988,1.104955527,2.124037639,1.997453311,3.987915408,26.97983386,18.11906115,29.40332617,29.46289572,45.28152069,3.010547464,1.976088428,3.293237251,3.279279279,5.228429752,56.52589048,24.62996159,18.19512933,31.02376361,31.33516988,48.89738939,4.719246797,3.936418227,6.853361416,7.040025867,10.73500967
2,Conville,0,9.118421053,8.397097443,20.98461538,15.52578763,13.53184358,2.36199095,1.392243964,3.764448246,2.655076401,2.297039275,19.14510171,19.28614185,44.02250028,33.08376562,22.03345525,1.159060773,1.141191067,2.675121951,1.997837838,1.380305455,28.40489569,20.65838028,22.89174709,54.90183397,41.58969031,28.12298424,1.816910017,2.273281526,5.567038197,4.289000374,2.834042553
6,Rosemoor,12.14319404,2.971291866,8.208732801,11.96643357,13.77218627,21.86343321,0.536816125,0.949257248,1.497223734,1.642660904,2.588519637,9.204884492,27.818088,37.04020817,43.30112457,52.526564,0.150527373,0.444619896,0.607982262,0.706306306,0.888833058,36.16302784,8.840396927,29.388383,41.11500979,48.44899343,59.67227841,0.404506868,1.518332745,2.168975921,2.599394166,3.128488533
3,Pacaltsdorp,9.714555231,9.860365199,15.89061112,16.13265306,12.24204034,6.401892601,1.377254198,1.420657107,1.560517449,1.128859014,0.585979407,22.80168432,40.19690876,37.27480484,28.7310166,11.4807409,0,0,0,0,0,69.46993793,13.03305548,25.27359163,24.62454706,19.1320924,7.762282368,4.237691002,9.278700106,9.231058234,7.294218324,2.891880156
6,Thembalethu SP,7.285916423,8.209459459,5.172659183,9.570686071,5.578983885,3.927393175,0.721972781,0.291170713,0.582895984,0.323911348,0.226341145,46.31752612,31.92440305,53.95224481,31.94546086,17.18394116,2.125690608,1.431996513,2.485332894,1.4623813,0.816058968,62.82661353,37.26589265,28.25426092,50.17059485,29.94383994,16.35419442,2.380122058,2.037552388,3.694342433,2.242479282,1.196808511
6,Thembalethu SP,14.57183285,17.94258373,5.287428536,10.11655012,7.128460804,8.387506348,1.065111359,0.200901005,0.415895482,0.279364099,0.326283988,65.02492637,20.96126682,36.63219821,26.21886648,23.57302695,3.135986941,0.988044214,1.773281596,1.261261261,1.176396694,52.40093402,20.1584507,7.148086522,13.12543845,9.469419469,8.64435991,22.4726038,8.997527375,16.86981272,12.37806746,11.04172423
3,Pacaltsdorp,12.14319404,3.117615467,4.784987941,6.277864992,8.257376229,36.43430054,0.34431355,0.338251692,0.480159215,0.602058141,2.636907331,10.68828952,17.94504855,21.5046951,28.7310166,96.86875135,0.675837186,1.10902922,1.364858138,1.812097812,6.338137291,19.19894319,11.99633515,22.15542124,27.89634003,37.56847234,128.6069056,0.454038322,0.946806133,1.217282405,1.667249903,5.577197444
6,Rooirivier-Rif,7.285916423,14.08364662,1.441060322,3.151098901,6.217036173,81.27893057,2.93742497,0.19238065,0.455150923,0.856051419,11.10919292,15.431218,1.727210923,3.449711506,6.91340087,69.06383198,3.991663378,0.436680255,0.895688153,1.783783784,18.48623377,7.861398289,32.26792002,3.972932018,8.337332077,16.84203891,170.8290173,2.681663837,0.372804915,0.798841578,1.641199123,16.26682588
2,Borcherds,19.42911046,10.59768064,7.097700678,21.34028683,14.3535787,3.753053688,0.786377132,0.337105076,1.096634818,0.703145233,0.182497824,31.46302326,23.05076971,63.30318063,43.2487019,8.64096018,0,0,0,0,0,64.91165515,16.23609453,13.08463296,37.7554985,26.00077888,5.274524691,2.073954706,1.887193242,5.560298441,3.8943708,0.771984957
6,Thembalethu SP,14.57183285,13.64416476,14.24013702,15.56911929,9.93800416,10.63025261,1.222562604,0.816706259,0.966117455,0.587879235,0.624195455,37.95117294,43.3281897,43.26910874,28.05438034,22.93028414,4.199495556,4.686050275,4.805850124,3.096487792,2.625581028,35.66919528,27.34537661,34.34189394,36.03381239,23.55003451,19.54377023,4.030412637,5.71514137,6.123165718,4.069962398,3.300515396
4,Heatherlands,34.00094331,2.941426146,0.773926032,3.384615385,2.921519178,37.64908092,3.068895052,0.516834037,2.445542096,2.01232269,25.74135075,10.07406404,2.899508204,11.5822181,10.15497267,99.99740756,1.246301907,0.350596334,1.438237608,1.253124092,12.80121994,7.847850067,16.20479328,5.130481456,21.53297736,19.03047848,190.2688681,1.674571444,0.598625813,2.56545539,2.30591418,22.52867928
3,Pacaltsdorp,4.857277615,3.734817814,6.018898517,9.400887574,12.98339467,20.61122153,0.973347919,1.00402209,1.696716457,2.233838318,3.520102254,12.98124736,22.8845382,32.64761938,45.79926637,55.5569427,0.212282193,0.365766368,0.535881801,0.747054747,0.940111888,48.84163941,12.83938245,24.89802253,37.32095823,52.77380312,64.99893702,0.285229202,0.624527892,0.955878811,1.374679607,1.654489128
6,Thembalethu SP,2.428638808,11.20199147,5.364239153,9.022869023,5.785612917,1.745508078,0.949964185,0.291170713,0.52990544,0.323911348,0.097003348,61.92708288,32.43931277,49.83858392,32.46071023,7.483329215,0.932320442,0.477332171,0.75313118,0.487460433,0.116579853,72.5945908,44.13066235,25.42883482,41.04866851,26.94945595,6.308046421,2.50539164,1.630041911,2.686794496,1.793983426,0.410334347
6,Rosemoor,2.428638808,5.085139319,7.804788813,27.30618401,30.30434484,19.80931646,0.661622115,0.64997384,2.46042369,2.603016079,1.688999467,7.359550989,12.35628016,39.4861809,44.51194998,22.23338334,0.487000325,0.799153408,2.62266858,2.93799682,1.522395722,33.34857569,7.114747307,13.13986493,44.11912084,50.13222072,25.42458797,1.417756916,2.956448563,10.13606394,11.71365648,5.805024137
6,Ballotsview,7.285916423,5.550986842,0,7.824519231,12.12952159,36.04006634,0.732264059,0,0.714820359,1.056345501,3.115558912,17.88185475,0,25.18463627,39.65603554,90.03586682,2.587189227,0,3.657393293,5.722972973,13.47954545,35.97833494,18.89854754,0,30.76274637,48.82669414,112.5567697,0.386247878,0,0.724874765,1.170114189,2.635828267
6,Thembalethu SP,14.57183285,18.59817814,6.361437457,10.16518738,3.166681626,3.449989257,3.154368256,0.690597205,1.193985655,0.354577511,0.383453405,75.72394294,28.33323777,41.35365121,13.08550468,10.89351818,2.476625584,0.905707196,1.35756723,0.426888427,0.368671329,74.40097307,52.10184182,21.44425957,32.88571392,10.4892031,8.866010164,4.15959253,1.933062522,3.026949569,0.981914005,0.811024082
3,Sea View,0,5.374493927,2.474669077,6.764053254,14.67983125,52.34126558,0.973347919,0.286863454,0.848358229,1.755158678,6.211945155,8.952584387,4.509268611,11.25779979,24.81733646,67.6149404,1.273693158,0.627028059,1.607645403,3.521829522,9.954125874,33.48798101,13.76977248,7.629207731,20.01268775,44.46985066,123.015891,0.998302207,0.624527892,1.67278792,3.78036892,10.21890344
3,Pacaltsdorp,12.14319404,11.97580645,6.015515973,9.865384615,15.13878119,31.10141467,3.242748712,1.042579006,1.849968266,2.706227066,5.518760355,28.90818378,15.88426233,23.79390458,37.08772627,58.22155298,3.427330244,1.840630753,2.831530291,4.385934321,7.142709677,15.16674675,30.90095411,18.67725833,29.39614326,46.1863298,73.61648439,3.289336765,2.2448468,3.607671642,5.764785449,8.978821453
3,Pacaltsdorp,14.57183285,18.43346574,7.71602926,18.55950653,26.63085357,21.76004005,4.085204474,1.094531419,2.848491696,3.896338533,3.160234852,33.21324349,15.20814649,33.41230012,48.69816965,30.40546062,1.145522777,0.512664451,1.156695812,1.675335713,1.085145798,17.44405891,27.61327398,13.90842307,32.10602532,47.16842906,29.9018739,1.539161354,0.875349067,2.063255396,3.082839443,1.909732179
4,Blanco,4.857277615,13.23049002,0,0.986737401,3.893614453,31.81467925,13.08985133,0,0.676086251,2.543176629,20.62714866,36.11904735,0,2.691519949,10.78789129,67.35587933,5.995141932,0,0.448416036,1.786061924,11.56865204,7.822012142,77.32503643,0,6.659705223,26.90621256,170.5687875,6.329137638,0,0.628462851,2.58232097,15.99675086
6,George Central,9.714555231,4.736842105,4.362128542,10.13461538,7.645274212,26.14106145,5.623787977,3.314866582,8.332763045,5.992359932,20.33836858,6.692056829,6.741356574,14.30584908,10.96193032,28.64056184,1.655801105,1.630272953,3.552896341,2.705405405,7.332872727,5.067170047,26.36725352,29.21780366,65.14670745,50.31812771,133.4833243,1.668590832,2.087707524,4.753107389,3.733728004,9.678761398
6,Thembalethu SP,9.714555231,23.43157895,10.01835522,17.69384615,9.142963827,2.173296089,1.574660633,0.430932656,0.823473054,0.405636672,0.09570997,60.82982671,28.45047876,45.89579817,24.08936125,4.375437921,2.060552486,0.941935484,1.560487805,0.813933934,0.153367273,52.92485307,35.22084507,18.12039933,30.71352597,16.24952381,2.996711435,17.30390492,10.05192511,17.39699436,9.360913516,1.686930091
3,Pacaltsdorp,21.85774927,7.279982744,6.704090997,16.12547289,8.676855979,64.28129865,1.84386491,1.086841502,2.828478874,1.450861421,10.66930811,11.44756692,11.53190005,25.33558614,13.847408,78.3889932,1.583416357,1.55900419,3.517493003,1.910500665,11.21969598,7.69460704,13.48302932,14.94067265,34.488857,19.00093349,109.2118039,1.671630159,2.09151027,4.929827443,2.762236775,15.51422592
2,Levallia,2.428638808,0,0,0,0,0,1.035960943,0.814177757,0.722344784,1.018943794,4.113849579,21.74535629,29.207403,21.87568253,32.88000222,102.1895041,7.55277697,9.915110357,7.626444159,11.39118065,36.72742584,54.75088117,22.40770941,33.10692705,26.05350189,39.47252747,124.5596656,1.951568224,3.255684248,2.616089378,4.031015389,12.4300112
6,Groeneweid Park,7.285916423,4.263157895,1.308638563,1.430769231,7.762893816,45.20865922,1.325607166,0.260453803,0.308102163,1.593572641,9.212084592,17.45753955,5.862049194,5.854055889,32.26253739,143.5690568,1.182715075,0.388160227,0.398083624,2.18018018,10.06472727,5.215623578,20.9417505,7.735250773,8.116342552,45.08796442,203.7187485,1.430220713,0.596487864,0.639073262,3.61063807,15.94148936
6,Thembalethu SP,12.14319404,7.490131579,4.389391845,6.855769231,5.41050175,3.536731844,0,0,0,0,0,49.60850823,31.80161688,45.36893314,36.36867851,18.16588065,1.51781768,0.950992556,1.393292683,1.10990991,0.575127273,86.38351375,39.91373239,28.14559068,42.1889093,34.08991009,17.28871982,6.118166384,4.871317556,7.455854728,6.127143392,3.036474164
6,Thembalethu SP,19.42911046,7.079519451,5.63046483,9.719899666,3.835421846,3.760702575,1.008614148,0.513444009,0.95901365,0.360744076,0.351109944,39.65897573,34.50325694,54.40454114,21.80590472,16.33782745,3.299603651,2.805723379,4.543345705,1.809635723,1.406561265,76.20254371,38.75681261,37.09041091,61.44906355,24.82634757,18.88604719,5.320144681,5.748759848,9.725027906,3.995963082,2.970463856
6,Dormehls Drift,17.00047165,6.267378352,1.049379979,1.720972424,4.527245107,60.66699167,5.690106231,0.609810362,1.08205691,2.713521479,36.09439663,9.963973048,1.824977579,2.733733646,7.304725447,74.79743313,5.441233191,0.974062456,1.498446848,3.978922319,42.26642882,6.569648257,22.34164895,4.501271466,7.084552694,19.08177357,198.3853416,1.731556524,0.39390708,0.633044269,1.734097186,17.61727935
2,Parkdene,2.428638808,9.805263158,9.029606082,8.226923077,29.21670945,31.83058659,2.36199095,1.392243964,1.37245509,4.646383701,5.024773414,15.36263481,15.47580987,12.87892296,46.45805384,38.67574591,0.662320442,0.652109181,0.557317073,1.997837838,1.725381818,45.12610881,21.48084507,23.80312812,20.81319526,75.6796004,63.96826333,0.222478778,0.278361003,0.248528491,0.919071509,0.759118541
6,Thembalethu SP,38.85822092,10.43585526,11.21203352,13.13401442,10.36522754,12.42180953,1.318075307,0.906408831,1.148818435,0.864282683,1.028134441,36.55172344,42.95782925,45.96348569,36.84528418,33.74055958,3.104627072,3.566222084,3.918635671,3.121621622,2.9655,53.10227699,24.49251761,31.66378952,35.59689222,28.76336164,26.74348847,2.78098472,4.059431296,4.659909205,3.82946462,3.479293313
4,Blanco,21.85774927,5.591026747,6.006865533,9.382093317,15.73403217,25.41001923,1.106318946,0.760789052,1.285672215,2.055387013,3.294933386,16.59897204,19.50813093,27.8307575,47.40813989,58.50355007,0.814328412,0.935402514,1.370451819,2.319893664,2.969919523,40.22544887,10.46917571,13.53449169,20.28756294,34.83504474,43.646932,8.388544073,12.24484194,18.74149276,32.72832058,40.07150331
4,Blanco,19.42911046,49.96710526,19.29636029,27.58867521,14.4084014,4.185986965,3.026691446,0.748146972,1.157328201,0.576188455,0.166163142,62.63700535,26.46063872,34.55519101,18.33098715,4.069417709,0,0,0,0,0,34.55410183,54.15903756,25.1672213,34.53240354,18.46536797,4.162099216,5.587719298,2.931811492,4.107623669,2.233854362,0.492021277
2,Borcherds,21.85774927,7.353565365,8.618721716,12.78846154,7.967779576,5.208370878,2.993306504,2.245554781,3.605066365,2.141190646,1.389338271,33.55414189,43.01987715,58.30450825,36.89850318,18.43052408,0.489618606,0.613543584,0.85395358,0.537053182,0.27828739,77.14882523,21.88817583,30.86935752,43.95812163,28.04170024,14.2213663,2.631469412,4.190380693,6.092956552,3.952995737,1.95901559
6,Groeneweid Park,38.85822092,8.796992481,4.725639254,6.642857143,9.465577596,40.93236233,4.217840983,1.45025413,2.205731394,2.996179966,12.86102719,19.12016237,11.23559429,14.4260663,20.87986727,68.99407053,3.548145225,2.037841191,2.68706446,3.864864865,13.24846753,7.687424715,30.75603622,19.88061564,26.82009234,39.12899402,131.2776404,6.091680815,4.446043801,6.124452098,9.087380328,29.79239036
2,Parkdene,29.14366569,11.32024978,6.949831914,17.09647979,14.05454581,7.349730139,0.571910642,0.224736717,0.598164446,0.468763489,0.243330432,45.56713714,30.60188393,68.76035137,57.4163801,22.9432391,0,0,0,0,0,29.57308878,38.37622344,28.35003807,66.93020188,56.33502091,22.85627366,1.885413369,1.572661035,3.791112573,3.245309,1.286641595
6,New Dawn City,46.14413735,5.210526316,8.796959226,14.86410256,14.66324387,10.14888268,0.562378798,0.60772554,1.111035073,1.044821732,0.717824773,20.07617049,37.07746115,57.22339631,57.33932782,30.32530077,1.103867403,1.992555831,3.158130081,3.144744745,1.725381818,59.00861292,12.33697183,25.06297837,40.64198263,41.0499334,22.04311777,2.410186757,5.528558813,9.154132749,9.403463122,4.934270517
3,Pacaltsdorp,17.00047165,21.27110228,5.596693223,21.41654572,19.61806213,15.78328239,4.827968923,0.813080482,3.366399277,2.939648269,2.347603033,39.96568804,11.50288899,40.20521403,37.4090485,22.99758476,1.45793808,0.41013156,1.472158306,1.361210267,0.868116638,43.58745703,42.17300027,13.35208615,49.03465685,45.98921833,28.70579895,4.407598424,1.57562832,5.90841318,5.635815856,3.437517922
3,Pacaltsdorp,4.857277615,4.070723684,2.811528162,9.221754808,12.12952159,47.57288757,0.175743374,0.077692186,0.275716424,0.345713073,1.34592145,11.09281159,8.380898458,25.10841159,33.54570649,100.5349645,1.034875691,0.764190447,2.351181402,3.121621622,9.705272727,32.11415063,13.75814261,11.43414621,35.99241325,48.47159091,147.494391,0.926994907,0.869878135,2.795945523,3.82946462,11.38677812
6,Rosemoor,0,3.637218045,5.024237338,13.73282967,16.25670945,15.34963587,1.305522209,1.154283899,3.41363192,3.852231385,3.6104877,11.84618755,17.90018593,44.68944451,53.73597949,38.76992386,0.788476717,1.164480681,2.985627178,3.567567568,2.670233766,59.6214029,14.34129779,23.83759211,62.52999057,75.78917511,55.51943061,0.529711375,0.99414644,2.66280526,3.282398246,2.349652627
6,Thembalethu SP,29.14366569,0.282796544,0.195319188,0.32032147,0.280882635,0.11475444,1.342994144,0.593707448,1.053483651,0.880622355,0.357126753,50.02757604,37.79709331,56.61833158,50.42936645,15.74318015,1.318050631,0.973297285,1.497269749,1.325265564,0.429199457,105.6694051,19.64095018,16.32324236,25.69115671,23.06580981,7.311150173,17.70975344,16.61856735,26.70753932,24.38664037,7.553418319
6,Groeneweid Park,0,0,0,33.51709402,0,345.8137803,0,0,0.326775021,0,3.190332326,0,0,1.626126636,0,13.02213667,0,0,0.619241192,0,5.112242424,1.321773825,0,0,4.687656589,0,38.41937738,0,0,0.276142768,0,2.249240122
6,Thembalethu SP,41.28685973,33.00509338,11.39781974,8.307692308,1.82120676,1.785727158,1.632712638,0.360892733,0.284610502,0.059477518,0.057889095,69.26701178,26.16648572,17.42053728,3.879073411,2.906351874,4.807164498,1.774893941,1.213512982,0.268526591,0.208715543,115.3665252,51.96978646,21.59557995,15.1063514,3.3906631,2.579365457,5.382551071,2.52545265,1.803835821,0.411770389,0.306096186
3,Pacaltsdorp,7.285916423,9.043062201,8.327699943,11.70629371,14.11435239,53.68004063,0.596462361,0.351576759,0.534722762,0.614601019,2.320241692,20.98431522,21.13890467,27.14153185,33.24019004,96.60057748,2.634229031,2.593616061,3.419900222,4.162162162,12.5482314,15.29282412,22.57746479,25.01830283,33.75112744,41.66544567,122.9420076,0.58990585,0.738078418,1.016707463,1.276488207,3.680574744
6,Rosemoor,19.42911046,9.736842105,14.09036759,16.80586081,26.24970828,25.2867784,0.937297996,0.868179343,1.120371502,1.668202765,1.595166163,17.78082732,28.14714097,30.66410227,48.64985797,35.81087584,0.613259669,0.94883611,1.06155633,1.673673674,1.278060606,30.99370055,21.77112676,37.91038745,43.39430671,69.39731697,51.86615946,1.235993209,2.430135742,2.840325611,4.619671605,3.373860182
6,Lawaaikamp,58.28733138,23.28947368,10.723566,18.3193109,10.84305718,7.560405028,1.874595992,0.552477764,1.021171942,0.576188455,0.398791541,52.37261866,26.37922137,41.16133047,24.74683266,13.18491338,2.759668508,1.358560794,2.177019817,1.300675676,0.718909091,79.0872562,37.89788732,20.99750416,34.42497808,20.86231477,11.2856921,1.853989813,1.159837513,1.941628835,1.196707694,0.632598784
2,Borcherds,19.42911046,19.79575805,17.09042899,21.17680827,18.4329229,6.426248645,0.671497072,0.371067155,0.497478391,0.412791729,0.142850701,44.46895648,41.99677035,47.53143886,42.02447204,11.19515033,1.318050631,1.216621607,1.414088096,1.242436466,0.343359566,71.0132735,30.61677528,31.80631783,37.82309182,33.70830662,9.117434333,0.885487672,1.03866046,1.261189357,1.143123767,0.302136733
6,New Dawn City,17.00047165,12.83189317,18.26234412,21.14121699,17.37961302,9.088551655,1.384962711,1.261628326,1.580225477,1.238375187,0.642828155,37.26012174,58.00803904,61.33652588,51.2173253,20.4661342,1.359239713,2.068256731,2.245904623,1.863654699,0.772559023,37.8723548,21.84333614,37.4074304,41.55922409,34.98031819,14.19223269,3.652636647,7.062891125,8.012261797,6.858742603,2.719230595
2,Borcherds,21.85774927,29.44192377,19.36634654,35.99535809,25.06514304,13.65379985,2.714932127,1.143057442,2.298693254,1.525905977,0.825085946,48.45972187,34.86908573,59.19661687,41.87050307,17.42833378,0,0,0,0,0,27.06750836,9.926299174,7.856733031,14.01447677,9.991870199,4.222819496,15.21550261,13.59809498,24.76714961,17.95886856,7.416675401
6,Thembalethu SP,24.28638808,14.61038961,7.789515253,17.80719281,12.22021852,7.988101284,3.12229787,1.06549283,2.635419328,1.724075585,1.118687959,38.05139033,22.19204338,46.33827356,32.30062776,16.13391998,6.128614479,3.493442042,7.49121001,5.189189189,2.68890673,69.1290279,24.47288275,15.70026147,34.44514413,24.20236041,12.27424264,16.46920821,11.92975728,26.72488188,19.09758979,9.464335057
6,New Dawn City,24.28638808,4.659188956,4.290618238,6.098360656,8.32978174,6.050004579,1.382898683,0.815131127,1.25353041,1.632219099,1.176761924,39.11252031,39.40065852,51.15101293,70.96796601,39.38662649,2.262023367,2.227148843,2.969312275,4.093929996,2.357078987,76.65586195,25.3798199,28.1236191,38.3619372,53.64969457,30.23164122,5.166856857,6.464668107,9.004064999,12.80673414,7.051920873
3,Pacaltsdorp,7.285916423,3.479532164,7.781821905,5.505223172,6.911966809,20.65466584,2.794536618,4.000348252,3.062002978,3.664843111,10.870762,14.58387049,35.67889201,23.05486208,29.40199816,67.13634905,0.715469613,1.710780259,1.135275519,1.438772105,3.408161616,86.70337817,15.88784559,42.75614716,29.02874747,37.31652709,86.51474609,0.961328051,2.921072256,2.025046963,2.647531095,5.997973658
5,George South,4.857277615,2.804709141,1.033135707,1.694331984,5.014309402,27.67877095,2.836559725,0.668788872,1.186709288,3.347958181,18.34441088,10.97476902,4.422247638,6.6243264,19.91324078,83.99278152,4.115295144,1.620739193,2.493260591,7.448079659,32.59054545,6.497686644,23.34136397,10.3459147,16.28343868,49.34065934,211.3065756,7.155750156,3.581252672,5.755396632,17.73646771,74.22492401
2,Parkdene,14.57183285,7.845394737,7.224775397,14.81069712,18.50670945,17.82781948,2.108920491,1.243074968,2.757164243,3.284274194,3.140483384,25.09521311,25.28008715,47.33553004,60.0798104,44.22439696,1.034875691,1.018920596,1.959317835,2.471283784,1.887136364,77.05006484,8.164172535,9.046797005,17.79844611,22.77099463,17.01858357,8.806451613,11.01845638,22.13456872,28.80076516,21.03390957
6,Ballotsview,12.14319404,15.78947368,12.60170468,14.83760684,16.72812135,6.834264432,2.008495706,1.026030133,1.307100086,1.404802328,0.569702201,54.03524148,47.17553876,50.73515104,58.10050024,18.13797608,1.971191792,1.68202765,1.857723577,2.114114114,0.684675325,52.80426639,42.04476861,40.37817923,45.62652414,52.66800924,16.69413422,1.765704584,1.914652403,2.209142142,2.593499848,0.803300043
2,Conville,24.28638808,8.153580673,13.76573351,27.36443884,18.89626413,17.64584669,1.106318946,1.195525653,2.571344431,1.692671658,1.569015898,17.17135038,31.71272515,57.58087759,40.38827334,28.81948279,0,0,0,0,0,65.22028685,15.46582775,31.41935572,59.94052688,42.37953304,30.70401061,1.45887723,3.346416432,6.51878009,4.687432103,3.318550999
6,New Dawn City,29.14366569,8.709677419,11.02844595,21.92307692,17.30146422,9.895904668,0.544237546,0.441091118,0.948701675,0.713730215,0.405223662,29.28361474,40.56159846,73.64779989,59.03760508,25.80273371,0,0,0,0,0,62.55858608,18.72785098,28.53470023,54.43730233,43.98698076,19.51952238,2.153020428,3.70399722,7.215343285,5.929493605,2.571207962
3,Sea View,0,13.02631579,10.66298088,14.57264957,21.56359393,56.38268156,2.987637363,1.565353664,2.314656401,3.265067912,8.474320242,10.18356474,9.118743191,11.38288645,17.10892134,34.18310876,0.689917127,0.603804797,0.774051491,1.156156156,2.396363636,46.88954736,30.84242958,30.37936772,39.84508101,60.36754912,122.4617654,1.158743633,1.288708348,1.725892298,2.659350431,5.271656535
2,Parkdene,2.428638808,8.638912856,6.364417053,26.09394704,29.17351799,44.8708673,1.382898683,0.652104901,2.892762484,3.08308052,4.707047695,15.50191354,12.49289173,46.78446304,53.12981195,62.44221272,0.452404673,0.356343815,1.370451819,1.546595776,1.885663189,35.18140529,14.67270838,13.00717384,51.17998834,58.5862116,69.91067031,0.607865513,0.608439351,2.444542534,2.84594092,3.318550999
6,Thembalethu SP,38.85822092,21.93814829,10.10135241,13.08927569,4.438637583,6.857959874,1.108337776,0.326647437,0.457962074,0.148042581,0.227049198,57.34228321,28.88235917,34.18426796,11.77464868,13.90136853,0,0,0,0,0,82.99755115,59.11576025,32.75336726,40.73128762,14.14192134,16.95219973,10.96154561,6.857433472,8.707567565,3.074752615,3.601657311
2,Levallia,17.00047165,16.79425837,3.436828548,9.393939394,18.53399809,96.92229558,5.368161251,0.703153517,2.079477409,3.911097392,20.3021148,14.68020372,3.286300306,8.204548026,16.44233999,65.70259865,4.892139628,1.070381232,2.744364375,5.465465465,22.65652893,14.24838743,24.08018566,5.929662683,15.55449686,31.42125551,127.4824795,3.286618305,0.913811374,2.447629077,5.028589905,19.93644653
2,Parkdene,46.14413735,48.12200957,23.63480555,51.68111888,31.86421979,24.99476892,0.766880179,0.241081206,0.570370946,0.335236919,0.26102719,21.42516218,11.51093296,22.99047404,14.39815718,8.63012512,0,0,0,0,0,53.16437559,17.81274008,10.52718197,22.09164705,13.94587231,8.48718973,2.528167927,1.687036383,3.614959868,2.320887648,1.380215529
6,Lawaaikamp,4.857277615,42.46036779,32.79479771,23.44392956,8.162517046,5.335666689,5.251127328,2.595979853,2.00789471,0.66643484,0.432424562,78.24343029,66.10696441,43.16484583,15.26551605,7.625010146,3.09215869,2.553439565,1.712239201,0.601758385,0.311815991,19.58341026,71.37548787,66.33510414,45.50980337,16.22351143,8.227764252,1.384908053,1.453290378,1.018068517,0.369105024,0.18292013
6,Ballotsview,7.285916423,13.36213668,8.78936348,13.45350172,17.06362006,13.63282748,2.056459783,0.865823361,1.433908303,1.733725262,1.374937999,40.73425896,29.31024597,40.97839122,52.79324301,32.22978826,2.306588604,1.622162142,2.329086276,2.981847519,1.888477612,64.47128884,45.49190666,36.00715226,52.89355793,68.68862481,42.57669806,3.099206852,2.769761226,4.154506117,5.486994082,3.32350406
4,Blanco,41.28685973,32.21052632,29.66247408,47.56512821,34.12536756,19.51865922,3.374272786,1.988919949,3.450744226,2.360067912,1.339939577,12.22027769,12.31030331,18.03049214,13.13965159,5.742762271,0,0,0,0,0,30.67931977,32.89859155,36.45524126,56.10187406,41.21091353,18.28762363,2.595585739,3.247545037,5.103118347,3.812444777,1.653191489
6,Thembalethu SP,4.857277615,22.67414861,14.14484329,14.72850679,9.444162262,16.14594972,6.836761854,2.729890126,3.075529613,1.879956057,3.190332326,57.47866373,39.22400564,37.30525811,24.29754376,31.74145813,5.032336692,3.356444315,3.278335725,2.121886592,2.875636364,78.240108,38.96509942,29.24933934,29.22891756,19.18950004,25.45283751,10.14241486,8.596442745,8.771593797,5.856828242,7.59118541
3,Sea View,4.857277615,18.36437247,3.623922173,9.244970414,20.84581276,42.58272454,0.908458058,0.114745382,0.316720405,0.680788821,1.380432257,43.8676635,9.469464083,22.06528758,50.53712151,78.88409713,1.783170421,0.376216835,0.900281426,2.049064449,3.318041958,42.00682988,54.70693391,12.99027262,31.80394701,73.42442173,116.3663834,1.597283531,0.428247697,1.070584269,2.513699853,3.892915595
2,Borcherds,26.71502688,18.86569873,16.13235469,20.35145889,16.06115962,6.999229436,2.036199095,1.114481006,1.521194065,1.144429483,0.495051568,55.48286996,51.89934933,59.80220886,47.93869192,15.9633434,0,0,0,0,0,72.30455752,33.28229723,34.2461128,41.46151432,33.50215302,11.3270923,5.817692173,6.759053094,8.355699264,6.866626215,2.268630123
6,Rosemoor,12.14319404,10.52631579,12.11702373,21.1965812,20.91015169,22.2113594,1.785329516,1.315423247,2.489714449,2.341337214,2.468709538,26.2324933,33.03218197,52.77942452,52.88635278,42.92654338,0.350434096,0.431289141,0.70770422,0.704704705,0.593385281,58.23861254,22.42387659,31.06013787,52.14459901,52.66800924,43.40474897,2.589700057,4.050226237,6.943018159,7.132124583,5.74359531
2,Parkdene,4.857277615,9.578173375,7.938432457,18.3229638,18.0753655,13.68109185,0.620270733,0.329049256,0.821743068,0.772770398,0.580593567,37.22563581,33.74988617,71.15260576,71.2967571,41.23517027,0.405833604,0.359619034,0.778604735,0.775304716,0.465176471,81.60819182,27.7475145,27.67255554,61.29800352,61.91329259,36.3571608,0.272645561,0.307015812,0.694417842,0.713331645,0.409328625
6,New Dawn City,31.5723045,9.581339713,17.64679274,35.37179487,30.13556805,14.51504571,0.894693542,1.054730276,2.28742515,1.857771261,0.888217523,21.68967036,43.69891218,80.00543048,69.235583,25.4819538,0,0,0,0,0,51.38215949,14.73399488,32.65375889,62.8145983,54.79350448,20.47578181,1.179811699,2.95231367,5.798998121,5.144634287,1.878626692
3,Pacaltsdorp,19.42911046,12.53869969,19.24468474,19.63800905,24.90768069,52.4630299,2.828434541,2.778638164,3.067840789,3.709297913,7.755322552,21.87327015,36.72401407,34.22900914,44.09788533,70.97447489,2.045401365,3.356444315,3.21276901,4.113195548,6.867696257,25.06485077,11.01362883,20.34051091,19.91978306,25.86822589,42.27261493,8.244801758,17.19288549,17.19232384,22.70647257,36.25907384
2,Levallia,58.28733138,13.15789474,6.058511864,13.91025641,11.76196033,10.25139665,3.47147406,1.02310697,2.5415835,2.048670062,1.772406848,53.88129492,27.13911664,56.91443225,48.88263241,32.55534167,8.858195212,4.360812425,9.391824752,8.016016016,5.538262626,54.61062338,50.17214397,27.79811425,61.2520461,53.02874903,35.85808555,7.782179463,4.868453759,10.95366312,9.644577561,6.372847011
6,Thembalethu SP,12.14319404,31.04402361,13.8609692,29.36196981,14.01542002,14.65853913,1.300829462,0.371760738,0.852058233,0.387715596,0.402518565,63.71186164,31.11816769,60.20923837,29.19252534,23.33031402,5.957789023,2.844089887,5.651299293,2.722909826,2.257508921,59.44505152,33.57229828,18.03722767,36.6688651,17.92109759,14.54191387,22.29985878,13.52782445,28.08139678,13.9578617,11.06752265
4,Blanco,31.5723045,18.43984962,24.05661961,27.8489011,30.52508751,33.92113927,3.615292271,3.018896351,3.781253819,3.951006549,4.358221839,27.01762074,38.55693071,40.7693178,45.39101581,38.54319916,0.788476717,1.099787309,1.194250871,1.321321321,1.163948052,47.01455895,21.07997988,33.09181127,36.76462096,41.2596134,35.57222709,5.032258065,8.91970278,10.11865999,11.54917901,9.729971776
2,Conville,9.714555231,7.628161312,14.04945297,26.88111888,17.04720484,8.667089893,1.898941395,2.238611198,4.63426394,2.801622825,1.413897281,28.41573538,57.25014278,100.051137,64.44889406,25.03801732,0.286718806,0.564596694,1.013303769,0.648648649,0.261421488,123.2622753,17.34150357,38.43256909,70.5705392,45.82215187,18.07457072,0.770489273,1.92804158,3.614959868,2.387198724,0.920143686
6,Ballotsview,55.85869258,7.015323118,8.448172999,10.86660175,9.111797114,8.408740542,1.388150197,1.06998858,1.489101363,1.190303239,1.090366744,55.06122708,72.53358339,85.21726927,72.58142762,51.18194223,19.07315197,24.55727613,29.62951528,25.07834417,18.34583199,56.64529993,30.65105188,44.41540471,54.82778087,47.07140539,33.70206142,2.745782382,4.492535178,5.662674477,4.944372041,3.459274364
2,Borcherds,14.57183285,16.91729323,25.96505084,29.80769231,30.80513419,16.4754589,2.611044418,2.565075331,3.186056459,3.138855203,1.666378938,38.65598044,64.90125894,68.05339971,71.43847565,29.19516534,0.788476717,1.293867423,1.393292683,1.453453453,0.616207792,74.64638651,24.53571429,45.31376278,49.92354268,52.8258329,21.91962691,4.767402377,9.941464399,11.18378209,12.03546023,4.880047764
2,Conville,0,10.80104106,11.93593414,28.27472527,27.89264877,23.84294616,1.699496367,1.202094475,3.08102163,2.897404802,2.458484114,32.29325082,39.03738255,84.46566354,84.63678641,55.28326318,0.606520551,0.716603496,1.592334495,1.585585586,1.074413586,70.52554631,32.16491255,42.77069353,97.23539097,98.21140764,65.13351038,0.611205433,0.917673637,2.130244208,2.188265497,1.418133538
6,George NU,70.43052542,13.51732991,6.915569639,13.6097561,18.64701027,50.7069083,7.201191921,2.358136796,5.021177158,6.558242577,17.70245376,22.99285697,12.86791287,23.13065985,32.19100183,66.88931665,1.211561784,0.662712582,1.223378941,1.691935838,3.647148559,13.98024726,48.85228444,30.07426647,56.80067789,79.68170041,168.1082025,11.12393888,7.732250088,14.91170946,21.27480344,43.86018237
2,Conville,14.57183285,18.23684211,21.37442985,38.39230769,31.28681447,27.98631285,3.286401099,2.46543202,4.791338751,3.722177419,3.304984894,36.00617533,46.16363741,75.73684806,62.69197607,42.85096848,1.13836326,1.426488834,2.403429878,1.977027027,1.401872727,59.19853447,29.9352993,42.21838602,72.77586855,60.72265235,42.14125456,4.333701188,6.901033204,12.14682999,10.30764227,6.990216565
4,Blanco,133.5751344,24.29149798,16.07835841,29.80769231,9.801633606,9.857112162,2.691727579,1.140370769,2.28742515,0.717034522,0.715779689,70.82488982,51.28040471,86.83516235,29.00369523,22.28788776,0.75478113,0.534135013,0.928861789,0.308308308,0.245780886,115.6275201,27.78764897,22.13157558,39.37631535,13.25718726,10.34367852,5.577815507,5.016049416,9.112711334,3.120304505,2.379003975
6,Ballotsview,2.428638808,68.74197689,13.56515583,42.02157598,43.89219341,41.44314621,4.800794614,0.606378033,2.032381231,2.023686281,1.896691474,71.53333281,15.44149544,43.69124639,46.35504264,33.44465833,2.826977496,0.596441324,1.733120167,1.827290705,1.36768071,35.03335118,91.68653384,21.77115377,64.72396086,69.21914671,50.7065502,5.064557539,1.357858552,4.121935947,4.483275653,3.209281637
2,Borcherds,12.14319404,8.202216066,17.2648456,25.95465587,30.25919057,36.51655395,1.553941415,2.093599946,3.405339697,3.784648378,4.533630148,24.44055538,56.27567227,77.27353773,91.50828788,84.38344562,0.610031986,1.372861434,1.935943517,2.278236131,2.179429665,57.09243057,19.42850259,49.20893248,70.99579264,84.74632035,79.34612465,2.049146636,5.860231646,8.633094948,10.48064001,9.588865781
3,Pacaltsdorp,17.00047165,15.09868421,16.35798203,35.76923077,33.52158693,14.9926676,2.240728022,1.55384371,3.676218991,3.284274194,1.458081571,64.92022522,76.93939568,153.6689671,146.2812775,49.99279656,2.199110843,2.547301489,5.224847561,4.942567568,1.752340909,65.02961434,54.29552707,70.7828099,148.5401182,142.529559,49.45744459,2.708563243,3.986941452,8.543166875,8.3370636,2.826925817
6,George NU,46.14413735,33.12227938,25.41841819,52.8021978,101.4358533,197.1274205,12.68523604,6.230952222,14.00464377,25.64688461,49.47413852,12.07589202,10.13737831,19.23475506,37.53304077,55.73572406,2.987911768,2.451538275,4.777003484,9.263157895,14.27007519,31.68067191,24.66303082,22.7744486,45.40330239,89.30445745,134.648363,2.676436422,2.790586498,5.680651221,11.36362434,16.74246406
6,George NU,58.28733138,16.2406015,10.28216013,18.90659341,16.63477246,38.22306464,8.404782031,3.405934345,6.776093026,5.683370958,12.96291624,63.43545508,43.9331599,73.78683631,65.9432083,115.782536,4.85216441,3.284432689,5.665036183,5.031185031,9.164115884,77.96812214,108.0315741,82.30118301,145.2349339,130.834078,233.239396,10.75721562,9.253209172,16.67325755,15.27577645,26.61085875
